document_id,class_label,source,source_url,format_type,template_id,language,page_count,pii_status,redaction_status,license_status,split,labeled_by,date_added,notes
FIR_ICDAR_0001,FIR,FIR_Dataset_ICDAR2023,https://github.com/LegalDocumentProcessing/FIR_Dataset_ICDAR2023,jpg,,mixed/unknown,1,contains_pii,not_redacted,repository_MIT_verify_data_license,pending,dataset_provenance,2026-09-08,Source group: Airport; field_annotations=yes; original_filename=Airport PSAIRPORT-0004-2017-2711__1.jpg
FIR_ICDAR_0002,FIR,FIR_Dataset_ICDAR2023,https://github.com/LegalDocumentProcessing/FIR_Dataset_ICDAR2023,jpg,,mixed/unknown,1,contains_pii,not_redacted,repository_MIT_verify_data_license,pending,dataset_provenance,2026-09-08,Source group: Airport; field_annotations=yes; original_filename=Airport PSAIRPORT-0004-2018-3503__1.jpg
FIR_ICDAR_0003,FIR,FIR_Dataset_ICDAR2023,https://github.com/LegalDocumentProcessing/FIR_Dataset_ICDAR2023,jpg,,mixed/unknown,1,contains_pii,not_redacted,repository_MIT_verify_data_license,pending,dataset_provenance,2026-09-08,Source group: Airport; field_annotations=yes; original_filename=Airport PSAIRPORT-0005-2017-3336__1.jpg
FIR_ICDAR_0004,FIR,FIR_Dataset_ICDAR2023,https://github.com/LegalDocumentProcessing/FIR_Dataset_ICDAR2023,jpg,,mixed/unknown,1,contains_pii,not_redacted,repository_MIT_verify_data_license,pending,dataset_provenance,2026-09-08,Source group: Airport; field_annotations=yes; original_filename=Airport PSAIRPORT-0005-2018-1983__1.jpg
FIR_ICDAR_0005,FIR,FIR_Dataset_ICDAR2023,https://github.com/LegalDocumentProcessing/FIR_Dataset_ICDAR2023,jpg,,mixed/unknown,1,contains_pii,not_redacted,repository_MIT_verify_data_license,pending,dataset_provenance,2026-09-08,Source group: Airport; field_annotations=yes; original_filename=Airport PSAIRPORT-0006-2017-3301__1.jpg
FIR_ICDAR_0006,FIR,FIR_Dataset_ICDAR2023,https://github.com/LegalDocumentProcessing/FIR_Dataset_ICDAR2023,jpg,,mixed/unknown,1,contains_pii,not_redacted,repository_MIT_verify_data_license,pending,dataset_provenance,2026-09-08,Source group: Airport; field_annotations=yes; original_filename=Airport PSAIRPORT-0006-2018-1899__1.jpg
FIR_ICDAR_0007,FIR,FIR_Dataset_ICDAR2023,https://github.com/LegalDocumentProcessing/FIR_Dataset_ICDAR2023,jpg,,mixed/unknown,1,contains_pii,not_redacted,repository_MIT_verify_data_license,pending,dataset_provenance,2026-09-08,Source group: Airport; field_annotations=yes; original_filename=Airport PSAIRPORT-0007-2017-3336__1.jpg
FIR_ICDAR_0008,FIR,FIR_Dataset_ICDAR2023,https://github.com/LegalDocumentProcessing/FIR_Dataset_ICDAR2023,jpg,,mixed/unknown,1,contains_pii,not_redacted,repository_MIT_verify_data_license,pending,dataset_provenance,2026-09-08,Source group: Airport; field_annotations=yes; original_filename=Airport PSAIRPORT-0007-2018-1932__1.jpg
FIR_ICDAR_0009,FIR,FIR_Dataset_ICDAR2023,https://github.com/LegalDocumentProcessing/FIR_Dataset_ICDAR2023,jpg,,mixed/unknown,1,contains_pii,not_redacted,repository_MIT_verify_data_license,pending,dataset_provenance,2026-09-08,Source group: Airport; field_annotations=yes; original_filename=Airport PSAIRPORT-0008-2017-3243__1.jpg
FIR_ICDAR_0010,FIR,FIR_Dataset_ICDAR2023,https://github.com/LegalDocumentProcessing/FIR_Dataset_ICDAR2023,jpg,,mixed/unknown,1,contains_pii,not_redacted,repository_MIT_verify_data_license,pending,dataset_provenance,2026-09-08,Source group: Airport; field_annotations=yes; original_filename=Airport PSAIRPORT-0008-2018-2110__1.jpg
FIR_ICDAR_0011,FIR,FIR_Dataset_ICDAR2023,https://github.com/LegalDocumentProcessing/FIR_Dataset_ICDAR2023,jpg,,mixed/unknown,1,contains_pii,not_redacted,repository_MIT_verify_data_license,pending,dataset_provenance,2026-09-08,Source group: Airport; field_annotations=yes; original_filename=Airport PSAIRPORT-0009-2017-3638__1.jpg
FIR_ICDAR_0012,FIR,FIR_Dataset_ICDAR2023,https://github.com/LegalDocumentProcessing/FIR_Dataset_ICDAR2023,jpg,,mixed/unknown,1,contains_pii,not_redacted,repository_MIT_verify_data_license,pending,dataset_provenance,2026-09-08,Source group: Airport; field_annotations=yes; original_filename=Airport PSAIRPORT-0009-2018-3628__1.jpg
FIR_ICDAR_0013,FIR,FIR_Dataset_ICDAR2023,https://github.com/LegalDocumentProcessing/FIR_Dataset_ICDAR2023,jpg,,mixed/unknown,1,contains_pii,not_redacted,repository_MIT_verify_data_license,pending,dataset_provenance,2026-09-08,Source group: Airport; field_annotations=yes; original_filename=Airport PSAIRPORT-0010-2017-3678__1.jpg
FIR_ICDAR_0014,FIR,FIR_Dataset_ICDAR2023,https://github.com/LegalDocumentProcessing/FIR_Dataset_ICDAR2023,jpg,,mixed/unknown,1,contains_pii,not_redacted,repository_MIT_verify_data_license,pending,dataset_provenance,2026-09-08,Source group: Airport; field_annotations=yes; original_filename=Airport PSAIRPORT-0010-2018-3706__1.jpg
FIR_ICDAR_0015,FIR,FIR_Dataset_ICDAR2023,https://github.com/LegalDocumentProcessing/FIR_Dataset_ICDAR2023,jpg,,mixed/unknown,1,contains_pii,not_redacted,repository_MIT_verify_data_license,pending,dataset_provenance,2026-09-08,Source group: Airport; field_annotations=yes; original_filename=Airport PSAIRPORT-0011-2017-4014__1.jpg
FIR_ICDAR_0016,FIR,FIR_Dataset_ICDAR2023,https://github.com/LegalDocumentProcessing/FIR_Dataset_ICDAR2023,jpg,,mixed/unknown,1,contains_pii,not_redacted,repository_MIT_verify_data_license,pending,dataset_provenance,2026-09-08,Source group: Airport; field_annotations=yes; original_filename=Airport PSAIRPORT-0011-2018-3453__1.jpg
FIR_ICDAR_0017,FIR,FIR_Dataset_ICDAR2023,https://github.com/LegalDocumentProcessing/FIR_Dataset_ICDAR2023,jpg,,mixed/unknown,1,contains_pii,not_redacted,repository_MIT_verify_data_license,pending,dataset_provenance,2026-09-08,Source group: Airport; field_annotations=yes; original_filename=Airport PSAIRPORT-0012-2017-4052__1.jpg
FIR_ICDAR_0018,FIR,FIR_Dataset_ICDAR2023,https://github.com/LegalDocumentProcessing/FIR_Dataset_ICDAR2023,jpg,,mixed/unknown,1,contains_pii,not_redacted,repository_MIT_verify_data_license,pending,dataset_provenance,2026-09-08,Source group: Airport; field_annotations=yes; original_filename=Airport PSAIRPORT-0012-2018-3495__1.jpg
FIR_ICDAR_0019,FIR,FIR_Dataset_ICDAR2023,https://github.com/LegalDocumentProcessing/FIR_Dataset_ICDAR2023,jpg,,mixed/unknown,1,contains_pii,not_redacted,repository_MIT_verify_data_license,pending,dataset_provenance,2026-09-08,Source group: Airport; field_annotations=yes; original_filename=Airport PSAIRPORT-0013-2017-4063__1.jpg
FIR_ICDAR_0020,FIR,FIR_Dataset_ICDAR2023,https://github.com/LegalDocumentProcessing/FIR_Dataset_ICDAR2023,jpg,,mixed/unknown,1,contains_pii,not_redacted,repository_MIT_verify_data_license,pending,dataset_provenance,2026-09-08,Source group: Airport; field_annotations=yes; original_filename=Airport PSAIRPORT-0013-2018-3843__1.jpg
FIR_ICDAR_0021,FIR,FIR_Dataset_ICDAR2023,https://github.com/LegalDocumentProcessing/FIR_Dataset_ICDAR2023,jpg,,mixed/unknown,1,contains_pii,not_redacted,repository_MIT_verify_data_license,pending,dataset_provenance,2026-09-08,Source group: Airport; field_annotations=yes; original_filename=Airport PSAIRPORT-0014-2017-4221__1.jpg
FIR_ICDAR_0022,FIR,FIR_Dataset_ICDAR2023,https://github.com/LegalDocumentProcessing/FIR_Dataset_ICDAR2023,jpg,,mixed/unknown,1,contains_pii,not_redacted,repository_MIT_verify_data_license,pending,dataset_provenance,2026-09-08,Source group: Airport; field_annotations=yes; original_filename=Airport PSAIRPORT-0014-2018-4861__1.jpg
FIR_ICDAR_0023,FIR,FIR_Dataset_ICDAR2023,https://github.com/LegalDocumentProcessing/FIR_Dataset_ICDAR2023,jpg,,mixed/unknown,1,contains_pii,not_redacted,repository_MIT_verify_data_license,pending,dataset_provenance,2026-09-08,Source group: Airport; field_annotations=yes; original_filename=Airport PSAIRPORT-0015-2017-4215__1.jpg
FIR_ICDAR_0024,FIR,FIR_Dataset_ICDAR2023,https://github.com/LegalDocumentProcessing/FIR_Dataset_ICDAR2023,jpg,,mixed/unknown,1,contains_pii,not_redacted,repository_MIT_verify_data_license,pending,dataset_provenance,2026-09-08,Source group: Airport; field_annotations=yes; original_filename=Airport PSAIRPORT-0015-2018-5219__1.jpg
FIR_ICDAR_0025,FIR,FIR_Dataset_ICDAR2023,https://github.com/LegalDocumentProcessing/FIR_Dataset_ICDAR2023,jpg,,mixed/unknown,1,contains_pii,not_redacted,repository_MIT_verify_data_license,pending,dataset_provenance,2026-09-08,Source group: Airport; field_annotations=yes; original_filename=Airport PSAIRPORT-0016-2017-4225__1.jpg
FIR_ICDAR_0026,FIR,FIR_Dataset_ICDAR2023,https://github.com/LegalDocumentProcessing/FIR_Dataset_ICDAR2023,jpg,,mixed/unknown,1,contains_pii,not_redacted,repository_MIT_verify_data_license,pending,dataset_provenance,2026-09-08,Source group: Airport; field_annotations=yes; original_filename=Airport PSAIRPORT-0016-2018-5562__1.jpg
FIR_ICDAR_0027,FIR,FIR_Dataset_ICDAR2023,https://github.com/LegalDocumentProcessing/FIR_Dataset_ICDAR2023,jpg,,mixed/unknown,1,contains_pii,not_redacted,repository_MIT_verify_data_license,pending,dataset_provenance,2026-09-08,Source group: Airport; field_annotations=yes; original_filename=Airport PSAIRPORT-0017-2017-4472__1.jpg
FIR_ICDAR_0028,FIR,FIR_Dataset_ICDAR2023,https://github.com/LegalDocumentProcessing/FIR_Dataset_ICDAR2023,jpg,,mixed/unknown,1,contains_pii,not_redacted,repository_MIT_verify_data_license,pending,dataset_provenance,2026-09-08,Source group: Airport; field_annotations=yes; original_filename=Airport PSAIRPORT-0017-2018-6685__1.jpg
FIR_ICDAR_0029,FIR,FIR_Dataset_ICDAR2023,https://github.com/LegalDocumentProcessing/FIR_Dataset_ICDAR2023,jpg,,mixed/unknown,1,contains_pii,not_redacted,repository_MIT_verify_data_license,pending,dataset_provenance,2026-09-08,Source group: Airport; field_annotations=yes; original_filename=Airport PSAIRPORT-0018-2017-1390__1.jpg
FIR_ICDAR_0030,FIR,FIR_Dataset_ICDAR2023,https://github.com/LegalDocumentProcessing/FIR_Dataset_ICDAR2023,jpg,,mixed/unknown,1,contains_pii,not_redacted,repository_MIT_verify_data_license,pending,dataset_provenance,2026-09-08,Source group: Airport; field_annotations=yes; original_filename=Airport PSAIRPORT-0018-2018-9649__1.jpg
FIR_ICDAR_0031,FIR,FIR_Dataset_ICDAR2023,https://github.com/LegalDocumentProcessing/FIR_Dataset_ICDAR2023,jpg,,mixed/unknown,1,contains_pii,not_redacted,repository_MIT_verify_data_license,pending,dataset_provenance,2026-09-08,Source group: Airport; field_annotations=yes; original_filename=Airport PSAIRPORT-0019-2017-4398__1.jpg
FIR_ICDAR_0032,FIR,FIR_Dataset_ICDAR2023,https://github.com/LegalDocumentProcessing/FIR_Dataset_ICDAR2023,jpg,,mixed/unknown,1,contains_pii,not_redacted,repository_MIT_verify_data_license,pending,dataset_provenance,2026-09-08,Source group: Airport; field_annotations=yes; original_filename=Airport PSAIRPORT-0019-2018-1020__1.jpg
FIR_ICDAR_0033,FIR,FIR_Dataset_ICDAR2023,https://github.com/LegalDocumentProcessing/FIR_Dataset_ICDAR2023,jpg,,mixed/unknown,1,contains_pii,not_redacted,repository_MIT_verify_data_license,pending,dataset_provenance,2026-09-08,Source group: Airport; field_annotations=yes; original_filename=Airport PSAIRPORT-0020-2017-4612__1.jpg
FIR_ICDAR_0034,FIR,FIR_Dataset_ICDAR2023,https://github.com/LegalDocumentProcessing/FIR_Dataset_ICDAR2023,jpg,,mixed/unknown,1,contains_pii,not_redacted,repository_MIT_verify_data_license,pending,dataset_provenance,2026-09-08,Source group: Airport; field_annotations=yes; original_filename=Airport PSAIRPORT-0020-2018-9535__1.jpg
FIR_ICDAR_0035,FIR,FIR_Dataset_ICDAR2023,https://github.com/LegalDocumentProcessing/FIR_Dataset_ICDAR2023,jpg,,mixed/unknown,1,contains_pii,not_redacted,repository_MIT_verify_data_license,pending,dataset_provenance,2026-09-08,Source group: Airport; field_annotations=yes; original_filename=Airport PSAIRPORT-0021-2017-4783__1.jpg
FIR_ICDAR_0036,FIR,FIR_Dataset_ICDAR2023,https://github.com/LegalDocumentProcessing/FIR_Dataset_ICDAR2023,jpg,,mixed/unknown,1,contains_pii,not_redacted,repository_MIT_verify_data_license,pending,dataset_provenance,2026-09-08,Source group: Airport; field_annotations=yes; original_filename=Airport PSAIRPORT-0021-2018-2312__1.jpg
FIR_ICDAR_0037,FIR,FIR_Dataset_ICDAR2023,https://github.com/LegalDocumentProcessing/FIR_Dataset_ICDAR2023,jpg,,mixed/unknown,1,contains_pii,not_redacted,repository_MIT_verify_data_license,pending,dataset_provenance,2026-09-08,Source group: Airport; field_annotations=yes; original_filename=Airport PSAIRPORT-0022-2017-4797__1.jpg
FIR_ICDAR_0038,FIR,FIR_Dataset_ICDAR2023,https://github.com/LegalDocumentProcessing/FIR_Dataset_ICDAR2023,jpg,,mixed/unknown,1,contains_pii,not_redacted,repository_MIT_verify_data_license,pending,dataset_provenance,2026-09-08,Source group: Airport; field_annotations=yes; original_filename=Airport PSAIRPORT-0022-2018-2306__1.jpg
FIR_ICDAR_0039,FIR,FIR_Dataset_ICDAR2023,https://github.com/LegalDocumentProcessing/FIR_Dataset_ICDAR2023,jpg,,mixed/unknown,1,contains_pii,not_redacted,repository_MIT_verify_data_license,pending,dataset_provenance,2026-09-08,Source group: Airport; field_annotations=no; original_filename=Airport PSAIRPORT-0023-2017-5205__1.jpg
FIR_ICDAR_0040,FIR,FIR_Dataset_ICDAR2023,https://github.com/LegalDocumentProcessing/FIR_Dataset_ICDAR2023,jpg,,mixed/unknown,1,contains_pii,not_redacted,repository_MIT_verify_data_license,pending,dataset_provenance,2026-09-08,Source group: Airport; field_annotations=yes; original_filename=Airport PSAIRPORT-0023-2018-2380__1.jpg
FIR_ICDAR_0041,FIR,FIR_Dataset_ICDAR2023,https://github.com/LegalDocumentProcessing/FIR_Dataset_ICDAR2023,jpg,,mixed/unknown,1,contains_pii,not_redacted,repository_MIT_verify_data_license,pending,dataset_provenance,2026-09-08,Source group: Airport; field_annotations=yes; original_filename=Airport PSAIRPORT-0024-2017-5230__1.jpg
FIR_ICDAR_0042,FIR,FIR_Dataset_ICDAR2023,https://github.com/LegalDocumentProcessing/FIR_Dataset_ICDAR2023,jpg,,mixed/unknown,1,contains_pii,not_redacted,repository_MIT_verify_data_license,pending,dataset_provenance,2026-09-08,Source group: Airport; field_annotations=yes; original_filename=Airport PSAIRPORT-0024-2018-2372__1.jpg
FIR_ICDAR_0043,FIR,FIR_Dataset_ICDAR2023,https://github.com/LegalDocumentProcessing/FIR_Dataset_ICDAR2023,jpg,,mixed/unknown,1,contains_pii,not_redacted,repository_MIT_verify_data_license,pending,dataset_provenance,2026-09-08,Source group: Airport; field_annotations=yes; original_filename=Airport PSAIRPORT-0025-2017-5144__1.jpg
FIR_ICDAR_0044,FIR,FIR_Dataset_ICDAR2023,https://github.com/LegalDocumentProcessing/FIR_Dataset_ICDAR2023,jpg,,mixed/unknown,1,contains_pii,not_redacted,repository_MIT_verify_data_license,pending,dataset_provenance,2026-09-08,Source group: Airport; field_annotations=yes; original_filename=Airport PSAIRPORT-0026-2017-5762__1.jpg
FIR_ICDAR_0045,FIR,FIR_Dataset_ICDAR2023,https://github.com/LegalDocumentProcessing/FIR_Dataset_ICDAR2023,jpg,,mixed/unknown,1,contains_pii,not_redacted,repository_MIT_verify_data_license,pending,dataset_provenance,2026-09-08,Source group: Airport; field_annotations=yes; original_filename=Airport PSAIRPORT-0026-2018-2718__1.jpg
FIR_ICDAR_0046,FIR,FIR_Dataset_ICDAR2023,https://github.com/LegalDocumentProcessing/FIR_Dataset_ICDAR2023,jpg,,mixed/unknown,1,contains_pii,not_redacted,repository_MIT_verify_data_license,pending,dataset_provenance,2026-09-08,Source group: Airport; field_annotations=yes; original_filename=Airport PSAIRPORT-0027-2017-4310__1.jpg
FIR_ICDAR_0047,FIR,FIR_Dataset_ICDAR2023,https://github.com/LegalDocumentProcessing/FIR_Dataset_ICDAR2023,jpg,,mixed/unknown,1,contains_pii,not_redacted,repository_MIT_verify_data_license,pending,dataset_provenance,2026-09-08,Source group: Airport; field_annotations=yes; original_filename=Airport PSAIRPORT-0027-2018-3288__1.jpg
FIR_ICDAR_0048,FIR,FIR_Dataset_ICDAR2023,https://github.com/LegalDocumentProcessing/FIR_Dataset_ICDAR2023,jpg,,mixed/unknown,1,contains_pii,not_redacted,repository_MIT_verify_data_license,pending,dataset_provenance,2026-09-08,Source group: Airport; field_annotations=yes; original_filename=Airport PSAIRPORT-0028-2017-3873__1.jpg
FIR_ICDAR_0049,FIR,FIR_Dataset_ICDAR2023,https://github.com/LegalDocumentProcessing/FIR_Dataset_ICDAR2023,jpg,,mixed/unknown,1,contains_pii,not_redacted,repository_MIT_verify_data_license,pending,dataset_provenance,2026-09-08,Source group: Airport; field_annotations=yes; original_filename=Airport PSAIRPORT-0028-2018-3687__1.jpg
FIR_ICDAR_0050,FIR,FIR_Dataset_ICDAR2023,https://github.com/LegalDocumentProcessing/FIR_Dataset_ICDAR2023,jpg,,mixed/unknown,1,contains_pii,not_redacted,repository_MIT_verify_data_license,pending,dataset_provenance,2026-09-08,Source group: Airport; field_annotations=yes; original_filename=Airport PSAIRPORT-0029-2017-4006__1.jpg
FIR_ICDAR_0051,FIR,FIR_Dataset_ICDAR2023,https://github.com/LegalDocumentProcessing/FIR_Dataset_ICDAR2023,jpg,,mixed/unknown,1,contains_pii,not_redacted,repository_MIT_verify_data_license,pending,dataset_provenance,2026-09-08,Source group: Airport; field_annotations=yes; original_filename=Airport PSAIRPORT-0029-2018-3721__1.jpg
FIR_ICDAR_0052,FIR,FIR_Dataset_ICDAR2023,https://github.com/LegalDocumentProcessing/FIR_Dataset_ICDAR2023,jpg,,mixed/unknown,1,contains_pii,not_redacted,repository_MIT_verify_data_license,pending,dataset_provenance,2026-09-08,Source group: Airport; field_annotations=yes; original_filename=Airport PSAIRPORT-0030-2017-1970__1.jpg
FIR_ICDAR_0053,FIR,FIR_Dataset_ICDAR2023,https://github.com/LegalDocumentProcessing/FIR_Dataset_ICDAR2023,jpg,,mixed/unknown,1,contains_pii,not_redacted,repository_MIT_verify_data_license,pending,dataset_provenance,2026-09-08,Source group: Airport; field_annotations=yes; original_filename=Airport PSAIRPORT-0030-2018-3632__1.jpg
FIR_ICDAR_0054,FIR,FIR_Dataset_ICDAR2023,https://github.com/LegalDocumentProcessing/FIR_Dataset_ICDAR2023,jpg,,mixed/unknown,1,contains_pii,not_redacted,repository_MIT_verify_data_license,pending,dataset_provenance,2026-09-08,Source group: Airport; field_annotations=no; original_filename=Airport PSAIRPORT-0031-2017-1952__1.jpg
FIR_ICDAR_0055,FIR,FIR_Dataset_ICDAR2023,https://github.com/LegalDocumentProcessing/FIR_Dataset_ICDAR2023,jpg,,mixed/unknown,1,contains_pii,not_redacted,repository_MIT_verify_data_license,pending,dataset_provenance,2026-09-08,Source group: Airport; field_annotations=yes; original_filename=Airport PSAIRPORT-0031-2018-3685__1.jpg
FIR_ICDAR_0056,FIR,FIR_Dataset_ICDAR2023,https://github.com/LegalDocumentProcessing/FIR_Dataset_ICDAR2023,jpg,,mixed/unknown,1,contains_pii,not_redacted,repository_MIT_verify_data_license,pending,dataset_provenance,2026-09-08,Source group: Airport; field_annotations=yes; original_filename=Airport PSAIRPORT-0032-2017-1992__1.jpg
FIR_ICDAR_0057,FIR,FIR_Dataset_ICDAR2023,https://github.com/LegalDocumentProcessing/FIR_Dataset_ICDAR2023,jpg,,mixed/unknown,1,contains_pii,not_redacted,repository_MIT_verify_data_license,pending,dataset_provenance,2026-09-08,Source group: Airport; field_annotations=yes; original_filename=Airport PSAIRPORT-0032-2018-3668__1.jpg
FIR_ICDAR_0058,FIR,FIR_Dataset_ICDAR2023,https://github.com/LegalDocumentProcessing/FIR_Dataset_ICDAR2023,jpg,,mixed/unknown,1,contains_pii,not_redacted,repository_MIT_verify_data_license,pending,dataset_provenance,2026-09-08,Source group: Airport; field_annotations=yes; original_filename=Airport PSAIRPORT-0033-2017-1971__1.jpg
FIR_ICDAR_0059,FIR,FIR_Dataset_ICDAR2023,https://github.com/LegalDocumentProcessing/FIR_Dataset_ICDAR2023,jpg,,mixed/unknown,1,contains_pii,not_redacted,repository_MIT_verify_data_license,pending,dataset_provenance,2026-09-08,Source group: Airport; field_annotations=yes; original_filename=Airport PSAIRPORT-0033-2018-3668__1.jpg
FIR_ICDAR_0060,FIR,FIR_Dataset_ICDAR2023,https://github.com/LegalDocumentProcessing/FIR_Dataset_ICDAR2023,jpg,,mixed/unknown,1,contains_pii,not_redacted,repository_MIT_verify_data_license,pending,dataset_provenance,2026-09-08,Source group: Airport; field_annotations=yes; original_filename=Airport PSAIRPORT-0034-2017-1907__1.jpg
FIR_ICDAR_0061,FIR,FIR_Dataset_ICDAR2023,https://github.com/LegalDocumentProcessing/FIR_Dataset_ICDAR2023,jpg,,mixed/unknown,1,contains_pii,not_redacted,repository_MIT_verify_data_license,pending,dataset_provenance,2026-09-08,Source group: Airport; field_annotations=yes; original_filename=Airport PSAIRPORT-0034-2018-3706__1.jpg
FIR_ICDAR_0062,FIR,FIR_Dataset_ICDAR2023,https://github.com/LegalDocumentProcessing/FIR_Dataset_ICDAR2023,jpg,,mixed/unknown,1,contains_pii,not_redacted,repository_MIT_verify_data_license,pending,dataset_provenance,2026-09-08,Source group: Airport; field_annotations=yes; original_filename=Airport PSAIRPORT-0035-2017-1998__1.jpg
FIR_ICDAR_0063,FIR,FIR_Dataset_ICDAR2023,https://github.com/LegalDocumentProcessing/FIR_Dataset_ICDAR2023,jpg,,mixed/unknown,1,contains_pii,not_redacted,repository_MIT_verify_data_license,pending,dataset_provenance,2026-09-08,Source group: Airport; field_annotations=yes; original_filename=Airport PSAIRPORT-0035-2018-3809__1.jpg
FIR_ICDAR_0064,FIR,FIR_Dataset_ICDAR2023,https://github.com/LegalDocumentProcessing/FIR_Dataset_ICDAR2023,jpg,,mixed/unknown,1,contains_pii,not_redacted,repository_MIT_verify_data_license,pending,dataset_provenance,2026-09-08,Source group: Airport; field_annotations=yes; original_filename=Airport PSAIRPORT-0036-2017-2353__1.jpg
FIR_ICDAR_0065,FIR,FIR_Dataset_ICDAR2023,https://github.com/LegalDocumentProcessing/FIR_Dataset_ICDAR2023,jpg,,mixed/unknown,1,contains_pii,not_redacted,repository_MIT_verify_data_license,pending,dataset_provenance,2026-09-08,Source group: Airport; field_annotations=yes; original_filename=Airport PSAIRPORT-0036-2018-3858__1.jpg
FIR_ICDAR_0066,FIR,FIR_Dataset_ICDAR2023,https://github.com/LegalDocumentProcessing/FIR_Dataset_ICDAR2023,jpg,,mixed/unknown,1,contains_pii,not_redacted,repository_MIT_verify_data_license,pending,dataset_provenance,2026-09-08,Source group: Airport; field_annotations=yes; original_filename=Airport PSAIRPORT-0037-2017-2758__1.jpg
FIR_ICDAR_0067,FIR,FIR_Dataset_ICDAR2023,https://github.com/LegalDocumentProcessing/FIR_Dataset_ICDAR2023,jpg,,mixed/unknown,1,contains_pii,not_redacted,repository_MIT_verify_data_license,pending,dataset_provenance,2026-09-08,Source group: Airport; field_annotations=yes; original_filename=Airport PSAIRPORT-0037-2018-3277__1.jpg
FIR_ICDAR_0068,FIR,FIR_Dataset_ICDAR2023,https://github.com/LegalDocumentProcessing/FIR_Dataset_ICDAR2023,jpg,,mixed/unknown,1,contains_pii,not_redacted,repository_MIT_verify_data_license,pending,dataset_provenance,2026-09-08,Source group: Airport; field_annotations=yes; original_filename=Airport PSAIRPORT-0038-2017-3070__1.jpg
FIR_ICDAR_0069,FIR,FIR_Dataset_ICDAR2023,https://github.com/LegalDocumentProcessing/FIR_Dataset_ICDAR2023,jpg,,mixed/unknown,1,contains_pii,not_redacted,repository_MIT_verify_data_license,pending,dataset_provenance,2026-09-08,Source group: Airport; field_annotations=yes; original_filename=Airport PSAIRPORT-0038-2018-3233__1.jpg
FIR_ICDAR_0070,FIR,FIR_Dataset_ICDAR2023,https://github.com/LegalDocumentProcessing/FIR_Dataset_ICDAR2023,jpg,,mixed/unknown,1,contains_pii,not_redacted,repository_MIT_verify_data_license,pending,dataset_provenance,2026-09-08,Source group: Airport; field_annotations=yes; original_filename=Airport PSAIRPORT-0039-2017-3123__1.jpg
FIR_ICDAR_0071,FIR,FIR_Dataset_ICDAR2023,https://github.com/LegalDocumentProcessing/FIR_Dataset_ICDAR2023,jpg,,mixed/unknown,1,contains_pii,not_redacted,repository_MIT_verify_data_license,pending,dataset_provenance,2026-09-08,Source group: Airport; field_annotations=yes; original_filename=Airport PSAIRPORT-0039-2018-3100__1.jpg
FIR_ICDAR_0072,FIR,FIR_Dataset_ICDAR2023,https://github.com/LegalDocumentProcessing/FIR_Dataset_ICDAR2023,jpg,,mixed/unknown,1,contains_pii,not_redacted,repository_MIT_verify_data_license,pending,dataset_provenance,2026-09-08,Source group: Airport; field_annotations=yes; original_filename=Airport PSAIRPORT-0040-2017-3229__1.jpg
FIR_ICDAR_0073,FIR,FIR_Dataset_ICDAR2023,https://github.com/LegalDocumentProcessing/FIR_Dataset_ICDAR2023,jpg,,mixed/unknown,1,contains_pii,not_redacted,repository_MIT_verify_data_license,pending,dataset_provenance,2026-09-08,Source group: Airport; field_annotations=yes; original_filename=Airport PSAIRPORT-0040-2018-3130__1.jpg
FIR_ICDAR_0074,FIR,FIR_Dataset_ICDAR2023,https://github.com/LegalDocumentProcessing/FIR_Dataset_ICDAR2023,jpg,,mixed/unknown,1,contains_pii,not_redacted,repository_MIT_verify_data_license,pending,dataset_provenance,2026-09-08,Source group: Airport; field_annotations=yes; original_filename=Airport PSAIRPORT-0041-2017-3309__1.jpg
FIR_ICDAR_0075,FIR,FIR_Dataset_ICDAR2023,https://github.com/LegalDocumentProcessing/FIR_Dataset_ICDAR2023,jpg,,mixed/unknown,1,contains_pii,not_redacted,repository_MIT_verify_data_license,pending,dataset_provenance,2026-09-08,Source group: Airport; field_annotations=yes; original_filename=Airport PSAIRPORT-0041-2018-3121__1.jpg
FIR_ICDAR_0076,FIR,FIR_Dataset_ICDAR2023,https://github.com/LegalDocumentProcessing/FIR_Dataset_ICDAR2023,jpg,,mixed/unknown,1,contains_pii,not_redacted,repository_MIT_verify_data_license,pending,dataset_provenance,2026-09-08,Source group: Airport; field_annotations=yes; original_filename=Airport PSAIRPORT-0042-2017-3277__1.jpg
FIR_ICDAR_0077,FIR,FIR_Dataset_ICDAR2023,https://github.com/LegalDocumentProcessing/FIR_Dataset_ICDAR2023,jpg,,mixed/unknown,1,contains_pii,not_redacted,repository_MIT_verify_data_license,pending,dataset_provenance,2026-09-08,Source group: Airport; field_annotations=yes; original_filename=Airport PSAIRPORT-0042-2018-3079__1.jpg
FIR_ICDAR_0078,FIR,FIR_Dataset_ICDAR2023,https://github.com/LegalDocumentProcessing/FIR_Dataset_ICDAR2023,jpg,,mixed/unknown,1,contains_pii,not_redacted,repository_MIT_verify_data_license,pending,dataset_provenance,2026-09-08,Source group: Airport; field_annotations=yes; original_filename=Airport PSAIRPORT-0043-2017-3250__1.jpg
FIR_ICDAR_0079,FIR,FIR_Dataset_ICDAR2023,https://github.com/LegalDocumentProcessing/FIR_Dataset_ICDAR2023,jpg,,mixed/unknown,1,contains_pii,not_redacted,repository_MIT_verify_data_license,pending,dataset_provenance,2026-09-08,Source group: Airport; field_annotations=yes; original_filename=Airport PSAIRPORT-0043-2018-3085__1.jpg
FIR_ICDAR_0080,FIR,FIR_Dataset_ICDAR2023,https://github.com/LegalDocumentProcessing/FIR_Dataset_ICDAR2023,jpg,,mixed/unknown,1,contains_pii,not_redacted,repository_MIT_verify_data_license,pending,dataset_provenance,2026-09-08,Source group: Airport; field_annotations=yes; original_filename=Airport PSAIRPORT-0044-2017-4985__1.jpg
FIR_ICDAR_0081,FIR,FIR_Dataset_ICDAR2023,https://github.com/LegalDocumentProcessing/FIR_Dataset_ICDAR2023,jpg,,mixed/unknown,1,contains_pii,not_redacted,repository_MIT_verify_data_license,pending,dataset_provenance,2026-09-08,Source group: Airport; field_annotations=yes; original_filename=Airport PSAIRPORT-0044-2018-1206__1.jpg
FIR_ICDAR_0082,FIR,FIR_Dataset_ICDAR2023,https://github.com/LegalDocumentProcessing/FIR_Dataset_ICDAR2023,jpg,,mixed/unknown,1,contains_pii,not_redacted,repository_MIT_verify_data_license,pending,dataset_provenance,2026-09-08,Source group: Airport; field_annotations=yes; original_filename=Airport PSAIRPORT-0045-2017-5032__1.jpg
FIR_ICDAR_0083,FIR,FIR_Dataset_ICDAR2023,https://github.com/LegalDocumentProcessing/FIR_Dataset_ICDAR2023,jpg,,mixed/unknown,1,contains_pii,not_redacted,repository_MIT_verify_data_license,pending,dataset_provenance,2026-09-08,Source group: Airport; field_annotations=yes; original_filename=Airport PSAIRPORT-0045-2018-3130__1.jpg
FIR_ICDAR_0084,FIR,FIR_Dataset_ICDAR2023,https://github.com/LegalDocumentProcessing/FIR_Dataset_ICDAR2023,jpg,,mixed/unknown,1,contains_pii,not_redacted,repository_MIT_verify_data_license,pending,dataset_provenance,2026-09-08,Source group: Airport; field_annotations=yes; original_filename=Airport PSAIRPORT-0046-2017-4970__1.jpg
FIR_ICDAR_0085,FIR,FIR_Dataset_ICDAR2023,https://github.com/LegalDocumentProcessing/FIR_Dataset_ICDAR2023,jpg,,mixed/unknown,1,contains_pii,not_redacted,repository_MIT_verify_data_license,pending,dataset_provenance,2026-09-08,Source group: Airport; field_annotations=yes; original_filename=Airport PSAIRPORT-0046-2018-2859__1.jpg
FIR_ICDAR_0086,FIR,FIR_Dataset_ICDAR2023,https://github.com/LegalDocumentProcessing/FIR_Dataset_ICDAR2023,jpg,,mixed/unknown,1,contains_pii,not_redacted,repository_MIT_verify_data_license,pending,dataset_provenance,2026-09-08,Source group: Airport; field_annotations=yes; original_filename=Airport PSAIRPORT-0047-2017-4994__1.jpg
FIR_ICDAR_0087,FIR,FIR_Dataset_ICDAR2023,https://github.com/LegalDocumentProcessing/FIR_Dataset_ICDAR2023,jpg,,mixed/unknown,1,contains_pii,not_redacted,repository_MIT_verify_data_license,pending,dataset_provenance,2026-09-08,Source group: Airport; field_annotations=yes; original_filename=Airport PSAIRPORT-0047-2018-3672__1.jpg
FIR_ICDAR_0088,FIR,FIR_Dataset_ICDAR2023,https://github.com/LegalDocumentProcessing/FIR_Dataset_ICDAR2023,jpg,,mixed/unknown,1,contains_pii,not_redacted,repository_MIT_verify_data_license,pending,dataset_provenance,2026-09-08,Source group: Airport; field_annotations=yes; original_filename=Airport PSAIRPORT-0048-2017-2735__1.jpg
FIR_ICDAR_0089,FIR,FIR_Dataset_ICDAR2023,https://github.com/LegalDocumentProcessing/FIR_Dataset_ICDAR2023,jpg,,mixed/unknown,1,contains_pii,not_redacted,repository_MIT_verify_data_license,pending,dataset_provenance,2026-09-08,Source group: Airport; field_annotations=yes; original_filename=Airport PSAIRPORT-0048-2018-3695__1.jpg
FIR_ICDAR_0090,FIR,FIR_Dataset_ICDAR2023,https://github.com/LegalDocumentProcessing/FIR_Dataset_ICDAR2023,jpg,,mixed/unknown,1,contains_pii,not_redacted,repository_MIT_verify_data_license,pending,dataset_provenance,2026-09-08,Source group: Airport; field_annotations=yes; original_filename=Airport PSAIRPORT-0049-2017-1329__1.jpg
FIR_ICDAR_0091,FIR,FIR_Dataset_ICDAR2023,https://github.com/LegalDocumentProcessing/FIR_Dataset_ICDAR2023,jpg,,mixed/unknown,1,contains_pii,not_redacted,repository_MIT_verify_data_license,pending,dataset_provenance,2026-09-08,Source group: Airport; field_annotations=yes; original_filename=Airport PSAIRPORT-0049-2018-3619__1.jpg
FIR_ICDAR_0092,FIR,FIR_Dataset_ICDAR2023,https://github.com/LegalDocumentProcessing/FIR_Dataset_ICDAR2023,jpg,,mixed/unknown,1,contains_pii,not_redacted,repository_MIT_verify_data_license,pending,dataset_provenance,2026-09-08,Source group: Airport; field_annotations=yes; original_filename=Airport PSAIRPORT-0050-2017-1335__1.jpg
FIR_ICDAR_0093,FIR,FIR_Dataset_ICDAR2023,https://github.com/LegalDocumentProcessing/FIR_Dataset_ICDAR2023,jpg,,mixed/unknown,1,contains_pii,not_redacted,repository_MIT_verify_data_license,pending,dataset_provenance,2026-09-08,Source group: Airport; field_annotations=yes; original_filename=Airport PSAIRPORT-0050-2018-3683__1.jpg
FIR_ICDAR_0094,FIR,FIR_Dataset_ICDAR2023,https://github.com/LegalDocumentProcessing/FIR_Dataset_ICDAR2023,jpg,,mixed/unknown,1,contains_pii,not_redacted,repository_MIT_verify_data_license,pending,dataset_provenance,2026-09-08,Source group: Airport; field_annotations=yes; original_filename=Airport PSAIRPORT-0051-2017-1415__1.jpg
FIR_ICDAR_0095,FIR,FIR_Dataset_ICDAR2023,https://github.com/LegalDocumentProcessing/FIR_Dataset_ICDAR2023,jpg,,mixed/unknown,1,contains_pii,not_redacted,repository_MIT_verify_data_license,pending,dataset_provenance,2026-09-08,Source group: Airport; field_annotations=yes; original_filename=Airport PSAIRPORT-0051-2018-3615__1.jpg
FIR_ICDAR_0096,FIR,FIR_Dataset_ICDAR2023,https://github.com/LegalDocumentProcessing/FIR_Dataset_ICDAR2023,jpg,,mixed/unknown,1,contains_pii,not_redacted,repository_MIT_verify_data_license,pending,dataset_provenance,2026-09-08,Source group: Airport; field_annotations=yes; original_filename=Airport PSAIRPORT-0052-2017-2718__1.jpg
FIR_ICDAR_0097,FIR,FIR_Dataset_ICDAR2023,https://github.com/LegalDocumentProcessing/FIR_Dataset_ICDAR2023,jpg,,mixed/unknown,1,contains_pii,not_redacted,repository_MIT_verify_data_license,pending,dataset_provenance,2026-09-08,Source group: Airport; field_annotations=yes; original_filename=Airport PSAIRPORT-0052-2018-3609__1.jpg
FIR_ICDAR_0098,FIR,FIR_Dataset_ICDAR2023,https://github.com/LegalDocumentProcessing/FIR_Dataset_ICDAR2023,jpg,,mixed/unknown,1,contains_pii,not_redacted,repository_MIT_verify_data_license,pending,dataset_provenance,2026-09-08,Source group: Airport; field_annotations=yes; original_filename=Airport PSAIRPORT-0053-2017-2737__1.jpg
FIR_ICDAR_0099,FIR,FIR_Dataset_ICDAR2023,https://github.com/LegalDocumentProcessing/FIR_Dataset_ICDAR2023,jpg,,mixed/unknown,1,contains_pii,not_redacted,repository_MIT_verify_data_license,pending,dataset_provenance,2026-09-08,Source group: Airport; field_annotations=yes; original_filename=Airport PSAIRPORT-0053-2018-3700__1.jpg
FIR_ICDAR_0100,FIR,FIR_Dataset_ICDAR2023,https://github.com/LegalDocumentProcessing/FIR_Dataset_ICDAR2023,jpg,,mixed/unknown,1,contains_pii,not_redacted,repository_MIT_verify_data_license,pending,dataset_provenance,2026-09-08,Source group: Airport; field_annotations=yes; original_filename=Airport PSAIRPORT-0054-2017-2760__1.jpg
FIR_ICDAR_0101,FIR,FIR_Dataset_ICDAR2023,https://github.com/LegalDocumentProcessing/FIR_Dataset_ICDAR2023,jpg,,mixed/unknown,1,contains_pii,not_redacted,repository_MIT_verify_data_license,pending,dataset_provenance,2026-09-08,Source group: Airport; field_annotations=yes; original_filename=Airport PSAIRPORT-0054-2018-3634__1.jpg
FIR_ICDAR_0102,FIR,FIR_Dataset_ICDAR2023,https://github.com/LegalDocumentProcessing/FIR_Dataset_ICDAR2023,jpg,,mixed/unknown,1,contains_pii,not_redacted,repository_MIT_verify_data_license,pending,dataset_provenance,2026-09-08,Source group: Baguiati; field_annotations=yes; original_filename=Baguiati PS500-18__1.jpg
FIR_ICDAR_0103,FIR,FIR_Dataset_ICDAR2023,https://github.com/LegalDocumentProcessing/FIR_Dataset_ICDAR2023,jpg,,mixed/unknown,1,contains_pii,not_redacted,repository_MIT_verify_data_license,pending,dataset_provenance,2026-09-08,Source group: Baguiati; field_annotations=yes; original_filename=Baguiati PS500-19__1.jpg
FIR_ICDAR_0104,FIR,FIR_Dataset_ICDAR2023,https://github.com/LegalDocumentProcessing/FIR_Dataset_ICDAR2023,jpg,,mixed/unknown,1,contains_pii,not_redacted,repository_MIT_verify_data_license,pending,dataset_provenance,2026-09-08,Source group: Baguiati; field_annotations=yes; original_filename=Baguiati PS500-2021__1.jpg
FIR_ICDAR_0105,FIR,FIR_Dataset_ICDAR2023,https://github.com/LegalDocumentProcessing/FIR_Dataset_ICDAR2023,jpg,,mixed/unknown,1,contains_pii,not_redacted,repository_MIT_verify_data_license,pending,dataset_provenance,2026-09-08,Source group: Baguiati; field_annotations=yes; original_filename=Baguiati PS501-18__1.jpg
FIR_ICDAR_0106,FIR,FIR_Dataset_ICDAR2023,https://github.com/LegalDocumentProcessing/FIR_Dataset_ICDAR2023,jpg,,mixed/unknown,1,contains_pii,not_redacted,repository_MIT_verify_data_license,pending,dataset_provenance,2026-09-08,Source group: Baguiati; field_annotations=yes; original_filename=Baguiati PS501-19__1.jpg
FIR_ICDAR_0107,FIR,FIR_Dataset_ICDAR2023,https://github.com/LegalDocumentProcessing/FIR_Dataset_ICDAR2023,jpg,,mixed/unknown,1,contains_pii,not_redacted,repository_MIT_verify_data_license,pending,dataset_provenance,2026-09-08,Source group: Baguiati; field_annotations=yes; original_filename=Baguiati PS501-2021__1.jpg
FIR_ICDAR_0108,FIR,FIR_Dataset_ICDAR2023,https://github.com/LegalDocumentProcessing/FIR_Dataset_ICDAR2023,jpg,,mixed/unknown,1,contains_pii,not_redacted,repository_MIT_verify_data_license,pending,dataset_provenance,2026-09-08,Source group: Baguiati; field_annotations=yes; original_filename=Baguiati PS502-18__1.jpg
FIR_ICDAR_0109,FIR,FIR_Dataset_ICDAR2023,https://github.com/LegalDocumentProcessing/FIR_Dataset_ICDAR2023,jpg,,mixed/unknown,1,contains_pii,not_redacted,repository_MIT_verify_data_license,pending,dataset_provenance,2026-09-08,Source group: Baguiati; field_annotations=yes; original_filename=Baguiati PS502-19__1.jpg
FIR_ICDAR_0110,FIR,FIR_Dataset_ICDAR2023,https://github.com/LegalDocumentProcessing/FIR_Dataset_ICDAR2023,jpg,,mixed/unknown,1,contains_pii,not_redacted,repository_MIT_verify_data_license,pending,dataset_provenance,2026-09-08,Source group: Baguiati; field_annotations=yes; original_filename=Baguiati PS502-2021__1.jpg
FIR_ICDAR_0111,FIR,FIR_Dataset_ICDAR2023,https://github.com/LegalDocumentProcessing/FIR_Dataset_ICDAR2023,jpg,,mixed/unknown,1,contains_pii,not_redacted,repository_MIT_verify_data_license,pending,dataset_provenance,2026-09-08,Source group: Baguiati; field_annotations=yes; original_filename=Baguiati PS503-18__1.jpg
FIR_ICDAR_0112,FIR,FIR_Dataset_ICDAR2023,https://github.com/LegalDocumentProcessing/FIR_Dataset_ICDAR2023,jpg,,mixed/unknown,1,contains_pii,not_redacted,repository_MIT_verify_data_license,pending,dataset_provenance,2026-09-08,Source group: Baguiati; field_annotations=yes; original_filename=Baguiati PS503-19__1.jpg
FIR_ICDAR_0113,FIR,FIR_Dataset_ICDAR2023,https://github.com/LegalDocumentProcessing/FIR_Dataset_ICDAR2023,jpg,,mixed/unknown,1,contains_pii,not_redacted,repository_MIT_verify_data_license,pending,dataset_provenance,2026-09-08,Source group: Baguiati; field_annotations=yes; original_filename=Baguiati PS503-2021__1.jpg
FIR_ICDAR_0114,FIR,FIR_Dataset_ICDAR2023,https://github.com/LegalDocumentProcessing/FIR_Dataset_ICDAR2023,jpg,,mixed/unknown,1,contains_pii,not_redacted,repository_MIT_verify_data_license,pending,dataset_provenance,2026-09-08,Source group: Baguiati; field_annotations=yes; original_filename=Baguiati PS504-18__1.jpg
FIR_ICDAR_0115,FIR,FIR_Dataset_ICDAR2023,https://github.com/LegalDocumentProcessing/FIR_Dataset_ICDAR2023,jpg,,mixed/unknown,1,contains_pii,not_redacted,repository_MIT_verify_data_license,pending,dataset_provenance,2026-09-08,Source group: Baguiati; field_annotations=yes; original_filename=Baguiati PS504-19__1.jpg
FIR_ICDAR_0116,FIR,FIR_Dataset_ICDAR2023,https://github.com/LegalDocumentProcessing/FIR_Dataset_ICDAR2023,jpg,,mixed/unknown,1,contains_pii,not_redacted,repository_MIT_verify_data_license,pending,dataset_provenance,2026-09-08,Source group: Baguiati; field_annotations=yes; original_filename=Baguiati PS504-2021__1.jpg
FIR_ICDAR_0117,FIR,FIR_Dataset_ICDAR2023,https://github.com/LegalDocumentProcessing/FIR_Dataset_ICDAR2023,jpg,,mixed/unknown,1,contains_pii,not_redacted,repository_MIT_verify_data_license,pending,dataset_provenance,2026-09-08,Source group: Baguiati; field_annotations=yes; original_filename=Baguiati PS505-18__1.jpg
FIR_ICDAR_0118,FIR,FIR_Dataset_ICDAR2023,https://github.com/LegalDocumentProcessing/FIR_Dataset_ICDAR2023,jpg,,mixed/unknown,1,contains_pii,not_redacted,repository_MIT_verify_data_license,pending,dataset_provenance,2026-09-08,Source group: Baguiati; field_annotations=yes; original_filename=Baguiati PS505-19__1.jpg
FIR_ICDAR_0119,FIR,FIR_Dataset_ICDAR2023,https://github.com/LegalDocumentProcessing/FIR_Dataset_ICDAR2023,jpg,,mixed/unknown,1,contains_pii,not_redacted,repository_MIT_verify_data_license,pending,dataset_provenance,2026-09-08,Source group: Baguiati; field_annotations=yes; original_filename=Baguiati PS505-2021__1.jpg
FIR_ICDAR_0120,FIR,FIR_Dataset_ICDAR2023,https://github.com/LegalDocumentProcessing/FIR_Dataset_ICDAR2023,jpg,,mixed/unknown,1,contains_pii,not_redacted,repository_MIT_verify_data_license,pending,dataset_provenance,2026-09-08,Source group: Baguiati; field_annotations=yes; original_filename=Baguiati PS506-18__1.jpg
FIR_ICDAR_0121,FIR,FIR_Dataset_ICDAR2023,https://github.com/LegalDocumentProcessing/FIR_Dataset_ICDAR2023,jpg,,mixed/unknown,1,contains_pii,not_redacted,repository_MIT_verify_data_license,pending,dataset_provenance,2026-09-08,Source group: Baguiati; field_annotations=yes; original_filename=Baguiati PS506-19__1.jpg
FIR_ICDAR_0122,FIR,FIR_Dataset_ICDAR2023,https://github.com/LegalDocumentProcessing/FIR_Dataset_ICDAR2023,jpg,,mixed/unknown,1,contains_pii,not_redacted,repository_MIT_verify_data_license,pending,dataset_provenance,2026-09-08,Source group: Baguiati; field_annotations=yes; original_filename=Baguiati PS506-2021__1.jpg
FIR_ICDAR_0123,FIR,FIR_Dataset_ICDAR2023,https://github.com/LegalDocumentProcessing/FIR_Dataset_ICDAR2023,jpg,,mixed/unknown,1,contains_pii,not_redacted,repository_MIT_verify_data_license,pending,dataset_provenance,2026-09-08,Source group: Baguiati; field_annotations=yes; original_filename=Baguiati PS507-18__1.jpg
FIR_ICDAR_0124,FIR,FIR_Dataset_ICDAR2023,https://github.com/LegalDocumentProcessing/FIR_Dataset_ICDAR2023,jpg,,mixed/unknown,1,contains_pii,not_redacted,repository_MIT_verify_data_license,pending,dataset_provenance,2026-09-08,Source group: Baguiati; field_annotations=yes; original_filename=Baguiati PS507-19__1.jpg
FIR_ICDAR_0125,FIR,FIR_Dataset_ICDAR2023,https://github.com/LegalDocumentProcessing/FIR_Dataset_ICDAR2023,jpg,,mixed/unknown,1,contains_pii,not_redacted,repository_MIT_verify_data_license,pending,dataset_provenance,2026-09-08,Source group: Baguiati; field_annotations=yes; original_filename=Baguiati PS507-2021__1.jpg
FIR_ICDAR_0126,FIR,FIR_Dataset_ICDAR2023,https://github.com/LegalDocumentProcessing/FIR_Dataset_ICDAR2023,jpg,,mixed/unknown,1,contains_pii,not_redacted,repository_MIT_verify_data_license,pending,dataset_provenance,2026-09-08,Source group: Baguiati; field_annotations=yes; original_filename=Baguiati PS508-18__1.jpg
FIR_ICDAR_0127,FIR,FIR_Dataset_ICDAR2023,https://github.com/LegalDocumentProcessing/FIR_Dataset_ICDAR2023,jpg,,mixed/unknown,1,contains_pii,not_redacted,repository_MIT_verify_data_license,pending,dataset_provenance,2026-09-08,Source group: Baguiati; field_annotations=yes; original_filename=Baguiati PS508-19__1.jpg
FIR_ICDAR_0128,FIR,FIR_Dataset_ICDAR2023,https://github.com/LegalDocumentProcessing/FIR_Dataset_ICDAR2023,jpg,,mixed/unknown,1,contains_pii,not_redacted,repository_MIT_verify_data_license,pending,dataset_provenance,2026-09-08,Source group: Baguiati; field_annotations=yes; original_filename=Baguiati PS508-2021__1.jpg
FIR_ICDAR_0129,FIR,FIR_Dataset_ICDAR2023,https://github.com/LegalDocumentProcessing/FIR_Dataset_ICDAR2023,jpg,,mixed/unknown,1,contains_pii,not_redacted,repository_MIT_verify_data_license,pending,dataset_provenance,2026-09-08,Source group: Baguiati; field_annotations=yes; original_filename=Baguiati PS509-18__1.jpg
FIR_ICDAR_0130,FIR,FIR_Dataset_ICDAR2023,https://github.com/LegalDocumentProcessing/FIR_Dataset_ICDAR2023,jpg,,mixed/unknown,1,contains_pii,not_redacted,repository_MIT_verify_data_license,pending,dataset_provenance,2026-09-08,Source group: Baguiati; field_annotations=yes; original_filename=Baguiati PS509-19__1.jpg
FIR_ICDAR_0131,FIR,FIR_Dataset_ICDAR2023,https://github.com/LegalDocumentProcessing/FIR_Dataset_ICDAR2023,jpg,,mixed/unknown,1,contains_pii,not_redacted,repository_MIT_verify_data_license,pending,dataset_provenance,2026-09-08,Source group: Baguiati; field_annotations=yes; original_filename=Baguiati PS509-2021__1.jpg
FIR_ICDAR_0132,FIR,FIR_Dataset_ICDAR2023,https://github.com/LegalDocumentProcessing/FIR_Dataset_ICDAR2023,jpg,,mixed/unknown,1,contains_pii,not_redacted,repository_MIT_verify_data_license,pending,dataset_provenance,2026-09-08,Source group: Baguiati; field_annotations=yes; original_filename=Baguiati PS510-18__1.jpg
FIR_ICDAR_0133,FIR,FIR_Dataset_ICDAR2023,https://github.com/LegalDocumentProcessing/FIR_Dataset_ICDAR2023,jpg,,mixed/unknown,1,contains_pii,not_redacted,repository_MIT_verify_data_license,pending,dataset_provenance,2026-09-08,Source group: Baguiati; field_annotations=yes; original_filename=Baguiati PS510-19__1.jpg
FIR_ICDAR_0134,FIR,FIR_Dataset_ICDAR2023,https://github.com/LegalDocumentProcessing/FIR_Dataset_ICDAR2023,jpg,,mixed/unknown,1,contains_pii,not_redacted,repository_MIT_verify_data_license,pending,dataset_provenance,2026-09-08,Source group: Baguiati; field_annotations=yes; original_filename=Baguiati PS510-2021__1.jpg
FIR_ICDAR_0135,FIR,FIR_Dataset_ICDAR2023,https://github.com/LegalDocumentProcessing/FIR_Dataset_ICDAR2023,jpg,,mixed/unknown,1,contains_pii,not_redacted,repository_MIT_verify_data_license,pending,dataset_provenance,2026-09-08,Source group: Baguiati; field_annotations=yes; original_filename=Baguiati PS511-18__1.jpg
FIR_ICDAR_0136,FIR,FIR_Dataset_ICDAR2023,https://github.com/LegalDocumentProcessing/FIR_Dataset_ICDAR2023,jpg,,mixed/unknown,1,contains_pii,not_redacted,repository_MIT_verify_data_license,pending,dataset_provenance,2026-09-08,Source group: Baguiati; field_annotations=yes; original_filename=Baguiati PS511-19__1.jpg
FIR_ICDAR_0137,FIR,FIR_Dataset_ICDAR2023,https://github.com/LegalDocumentProcessing/FIR_Dataset_ICDAR2023,jpg,,mixed/unknown,1,contains_pii,not_redacted,repository_MIT_verify_data_license,pending,dataset_provenance,2026-09-08,Source group: Baguiati; field_annotations=yes; original_filename=Baguiati PS511-2021__1.jpg
FIR_ICDAR_0138,FIR,FIR_Dataset_ICDAR2023,https://github.com/LegalDocumentProcessing/FIR_Dataset_ICDAR2023,jpg,,mixed/unknown,1,contains_pii,not_redacted,repository_MIT_verify_data_license,pending,dataset_provenance,2026-09-08,Source group: Baguiati; field_annotations=yes; original_filename=Baguiati PS512-18__1.jpg
FIR_ICDAR_0139,FIR,FIR_Dataset_ICDAR2023,https://github.com/LegalDocumentProcessing/FIR_Dataset_ICDAR2023,jpg,,mixed/unknown,1,contains_pii,not_redacted,repository_MIT_verify_data_license,pending,dataset_provenance,2026-09-08,Source group: Baguiati; field_annotations=yes; original_filename=Baguiati PS512-19__1.jpg
FIR_ICDAR_0140,FIR,FIR_Dataset_ICDAR2023,https://github.com/LegalDocumentProcessing/FIR_Dataset_ICDAR2023,jpg,,mixed/unknown,1,contains_pii,not_redacted,repository_MIT_verify_data_license,pending,dataset_provenance,2026-09-08,Source group: Baguiati; field_annotations=yes; original_filename=Baguiati PS512-2021__1.jpg
FIR_ICDAR_0141,FIR,FIR_Dataset_ICDAR2023,https://github.com/LegalDocumentProcessing/FIR_Dataset_ICDAR2023,jpg,,mixed/unknown,1,contains_pii,not_redacted,repository_MIT_verify_data_license,pending,dataset_provenance,2026-09-08,Source group: Baguiati; field_annotations=yes; original_filename=Baguiati PS513-18__1.jpg
FIR_ICDAR_0142,FIR,FIR_Dataset_ICDAR2023,https://github.com/LegalDocumentProcessing/FIR_Dataset_ICDAR2023,jpg,,mixed/unknown,1,contains_pii,not_redacted,repository_MIT_verify_data_license,pending,dataset_provenance,2026-09-08,Source group: Baguiati; field_annotations=yes; original_filename=Baguiati PS513-19__1.jpg
FIR_ICDAR_0143,FIR,FIR_Dataset_ICDAR2023,https://github.com/LegalDocumentProcessing/FIR_Dataset_ICDAR2023,jpg,,mixed/unknown,1,contains_pii,not_redacted,repository_MIT_verify_data_license,pending,dataset_provenance,2026-09-08,Source group: Baguiati; field_annotations=yes; original_filename=Baguiati PS513-2021__1.jpg
FIR_ICDAR_0144,FIR,FIR_Dataset_ICDAR2023,https://github.com/LegalDocumentProcessing/FIR_Dataset_ICDAR2023,jpg,,mixed/unknown,1,contains_pii,not_redacted,repository_MIT_verify_data_license,pending,dataset_provenance,2026-09-08,Source group: Baguiati; field_annotations=yes; original_filename=Baguiati PS514-18__1.jpg
FIR_ICDAR_0145,FIR,FIR_Dataset_ICDAR2023,https://github.com/LegalDocumentProcessing/FIR_Dataset_ICDAR2023,jpg,,mixed/unknown,1,contains_pii,not_redacted,repository_MIT_verify_data_license,pending,dataset_provenance,2026-09-08,Source group: Baguiati; field_annotations=yes; original_filename=Baguiati PS514-19__1.jpg
FIR_ICDAR_0146,FIR,FIR_Dataset_ICDAR2023,https://github.com/LegalDocumentProcessing/FIR_Dataset_ICDAR2023,jpg,,mixed/unknown,1,contains_pii,not_redacted,repository_MIT_verify_data_license,pending,dataset_provenance,2026-09-08,Source group: Baguiati; field_annotations=yes; original_filename=Baguiati PS514-2021__1.jpg
FIR_ICDAR_0147,FIR,FIR_Dataset_ICDAR2023,https://github.com/LegalDocumentProcessing/FIR_Dataset_ICDAR2023,jpg,,mixed/unknown,1,contains_pii,not_redacted,repository_MIT_verify_data_license,pending,dataset_provenance,2026-09-08,Source group: Baguiati; field_annotations=yes; original_filename=Baguiati PS515-18__1.jpg
FIR_ICDAR_0148,FIR,FIR_Dataset_ICDAR2023,https://github.com/LegalDocumentProcessing/FIR_Dataset_ICDAR2023,jpg,,mixed/unknown,1,contains_pii,not_redacted,repository_MIT_verify_data_license,pending,dataset_provenance,2026-09-08,Source group: Baguiati; field_annotations=yes; original_filename=Baguiati PS515-19__1.jpg
FIR_ICDAR_0149,FIR,FIR_Dataset_ICDAR2023,https://github.com/LegalDocumentProcessing/FIR_Dataset_ICDAR2023,jpg,,mixed/unknown,1,contains_pii,not_redacted,repository_MIT_verify_data_license,pending,dataset_provenance,2026-09-08,Source group: Baguiati; field_annotations=yes; original_filename=Baguiati PS516-18__1.jpg
FIR_ICDAR_0150,FIR,FIR_Dataset_ICDAR2023,https://github.com/LegalDocumentProcessing/FIR_Dataset_ICDAR2023,jpg,,mixed/unknown,1,contains_pii,not_redacted,repository_MIT_verify_data_license,pending,dataset_provenance,2026-09-08,Source group: Baguiati; field_annotations=yes; original_filename=Baguiati PS516-19__1.jpg
FIR_ICDAR_0151,FIR,FIR_Dataset_ICDAR2023,https://github.com/LegalDocumentProcessing/FIR_Dataset_ICDAR2023,jpg,,mixed/unknown,1,contains_pii,not_redacted,repository_MIT_verify_data_license,pending,dataset_provenance,2026-09-08,Source group: Baguiati; field_annotations=yes; original_filename=Baguiati PS516-2021__1.jpg
FIR_ICDAR_0152,FIR,FIR_Dataset_ICDAR2023,https://github.com/LegalDocumentProcessing/FIR_Dataset_ICDAR2023,jpg,,mixed/unknown,1,contains_pii,not_redacted,repository_MIT_verify_data_license,pending,dataset_provenance,2026-09-08,Source group: Baguiati; field_annotations=yes; original_filename=Baguiati PS517-18__1.jpg
FIR_ICDAR_0153,FIR,FIR_Dataset_ICDAR2023,https://github.com/LegalDocumentProcessing/FIR_Dataset_ICDAR2023,jpg,,mixed/unknown,1,contains_pii,not_redacted,repository_MIT_verify_data_license,pending,dataset_provenance,2026-09-08,Source group: Baguiati; field_annotations=yes; original_filename=Baguiati PS517-19__1.jpg
FIR_ICDAR_0154,FIR,FIR_Dataset_ICDAR2023,https://github.com/LegalDocumentProcessing/FIR_Dataset_ICDAR2023,jpg,,mixed/unknown,1,contains_pii,not_redacted,repository_MIT_verify_data_license,pending,dataset_provenance,2026-09-08,Source group: Baguiati; field_annotations=yes; original_filename=Baguiati PS517-2021__1.jpg
FIR_ICDAR_0155,FIR,FIR_Dataset_ICDAR2023,https://github.com/LegalDocumentProcessing/FIR_Dataset_ICDAR2023,jpg,,mixed/unknown,1,contains_pii,not_redacted,repository_MIT_verify_data_license,pending,dataset_provenance,2026-09-08,Source group: Baguiati; field_annotations=yes; original_filename=Baguiati PS518-18__1.jpg
FIR_ICDAR_0156,FIR,FIR_Dataset_ICDAR2023,https://github.com/LegalDocumentProcessing/FIR_Dataset_ICDAR2023,jpg,,mixed/unknown,1,contains_pii,not_redacted,repository_MIT_verify_data_license,pending,dataset_provenance,2026-09-08,Source group: Baguiati; field_annotations=yes; original_filename=Baguiati PS518-19__1.jpg
FIR_ICDAR_0157,FIR,FIR_Dataset_ICDAR2023,https://github.com/LegalDocumentProcessing/FIR_Dataset_ICDAR2023,jpg,,mixed/unknown,1,contains_pii,not_redacted,repository_MIT_verify_data_license,pending,dataset_provenance,2026-09-08,Source group: Baguiati; field_annotations=yes; original_filename=Baguiati PS518-2021__1.jpg
FIR_ICDAR_0158,FIR,FIR_Dataset_ICDAR2023,https://github.com/LegalDocumentProcessing/FIR_Dataset_ICDAR2023,jpg,,mixed/unknown,1,contains_pii,not_redacted,repository_MIT_verify_data_license,pending,dataset_provenance,2026-09-08,Source group: Baguiati; field_annotations=yes; original_filename=Baguiati PS519-18__1.jpg
FIR_ICDAR_0159,FIR,FIR_Dataset_ICDAR2023,https://github.com/LegalDocumentProcessing/FIR_Dataset_ICDAR2023,jpg,,mixed/unknown,1,contains_pii,not_redacted,repository_MIT_verify_data_license,pending,dataset_provenance,2026-09-08,Source group: Baguiati; field_annotations=yes; original_filename=Baguiati PS519-19__1.jpg
FIR_ICDAR_0160,FIR,FIR_Dataset_ICDAR2023,https://github.com/LegalDocumentProcessing/FIR_Dataset_ICDAR2023,jpg,,mixed/unknown,1,contains_pii,not_redacted,repository_MIT_verify_data_license,pending,dataset_provenance,2026-09-08,Source group: Baguiati; field_annotations=yes; original_filename=Baguiati PS519-2021__1.jpg
FIR_ICDAR_0161,FIR,FIR_Dataset_ICDAR2023,https://github.com/LegalDocumentProcessing/FIR_Dataset_ICDAR2023,jpg,,mixed/unknown,1,contains_pii,not_redacted,repository_MIT_verify_data_license,pending,dataset_provenance,2026-09-08,Source group: Baguiati; field_annotations=yes; original_filename=Baguiati PS520-18__1.jpg
FIR_ICDAR_0162,FIR,FIR_Dataset_ICDAR2023,https://github.com/LegalDocumentProcessing/FIR_Dataset_ICDAR2023,jpg,,mixed/unknown,1,contains_pii,not_redacted,repository_MIT_verify_data_license,pending,dataset_provenance,2026-09-08,Source group: Baguiati; field_annotations=yes; original_filename=Baguiati PS520-19__1.jpg
FIR_ICDAR_0163,FIR,FIR_Dataset_ICDAR2023,https://github.com/LegalDocumentProcessing/FIR_Dataset_ICDAR2023,jpg,,mixed/unknown,1,contains_pii,not_redacted,repository_MIT_verify_data_license,pending,dataset_provenance,2026-09-08,Source group: Baguiati; field_annotations=yes; original_filename=Baguiati PS520-2021__1.jpg
FIR_ICDAR_0164,FIR,FIR_Dataset_ICDAR2023,https://github.com/LegalDocumentProcessing/FIR_Dataset_ICDAR2023,jpg,,mixed/unknown,1,contains_pii,not_redacted,repository_MIT_verify_data_license,pending,dataset_provenance,2026-09-08,Source group: Baguiati; field_annotations=yes; original_filename=Baguiati PS521-18__1.jpg
FIR_ICDAR_0165,FIR,FIR_Dataset_ICDAR2023,https://github.com/LegalDocumentProcessing/FIR_Dataset_ICDAR2023,jpg,,mixed/unknown,1,contains_pii,not_redacted,repository_MIT_verify_data_license,pending,dataset_provenance,2026-09-08,Source group: Baguiati; field_annotations=yes; original_filename=Baguiati PS521-19__1.jpg
FIR_ICDAR_0166,FIR,FIR_Dataset_ICDAR2023,https://github.com/LegalDocumentProcessing/FIR_Dataset_ICDAR2023,jpg,,mixed/unknown,1,contains_pii,not_redacted,repository_MIT_verify_data_license,pending,dataset_provenance,2026-09-08,Source group: Baguiati; field_annotations=yes; original_filename=Baguiati PS521-2021__1.jpg
FIR_ICDAR_0167,FIR,FIR_Dataset_ICDAR2023,https://github.com/LegalDocumentProcessing/FIR_Dataset_ICDAR2023,jpg,,mixed/unknown,1,contains_pii,not_redacted,repository_MIT_verify_data_license,pending,dataset_provenance,2026-09-08,Source group: Baguiati; field_annotations=yes; original_filename=Baguiati PS522-18__1.jpg
FIR_ICDAR_0168,FIR,FIR_Dataset_ICDAR2023,https://github.com/LegalDocumentProcessing/FIR_Dataset_ICDAR2023,jpg,,mixed/unknown,1,contains_pii,not_redacted,repository_MIT_verify_data_license,pending,dataset_provenance,2026-09-08,Source group: Baguiati; field_annotations=yes; original_filename=Baguiati PS522-19__1.jpg
FIR_ICDAR_0169,FIR,FIR_Dataset_ICDAR2023,https://github.com/LegalDocumentProcessing/FIR_Dataset_ICDAR2023,jpg,,mixed/unknown,1,contains_pii,not_redacted,repository_MIT_verify_data_license,pending,dataset_provenance,2026-09-08,Source group: Baguiati; field_annotations=yes; original_filename=Baguiati PS522-2021__1.jpg
FIR_ICDAR_0170,FIR,FIR_Dataset_ICDAR2023,https://github.com/LegalDocumentProcessing/FIR_Dataset_ICDAR2023,jpg,,mixed/unknown,1,contains_pii,not_redacted,repository_MIT_verify_data_license,pending,dataset_provenance,2026-09-08,Source group: Baguiati; field_annotations=yes; original_filename=Baguiati PS523-18__1.jpg
FIR_ICDAR_0171,FIR,FIR_Dataset_ICDAR2023,https://github.com/LegalDocumentProcessing/FIR_Dataset_ICDAR2023,jpg,,mixed/unknown,1,contains_pii,not_redacted,repository_MIT_verify_data_license,pending,dataset_provenance,2026-09-08,Source group: Baguiati; field_annotations=yes; original_filename=Baguiati PS523-19__1.jpg
FIR_ICDAR_0172,FIR,FIR_Dataset_ICDAR2023,https://github.com/LegalDocumentProcessing/FIR_Dataset_ICDAR2023,jpg,,mixed/unknown,1,contains_pii,not_redacted,repository_MIT_verify_data_license,pending,dataset_provenance,2026-09-08,Source group: Baguiati; field_annotations=yes; original_filename=Baguiati PS523-2021__1.jpg
FIR_ICDAR_0173,FIR,FIR_Dataset_ICDAR2023,https://github.com/LegalDocumentProcessing/FIR_Dataset_ICDAR2023,jpg,,mixed/unknown,1,contains_pii,not_redacted,repository_MIT_verify_data_license,pending,dataset_provenance,2026-09-08,Source group: Baguiati; field_annotations=yes; original_filename=Baguiati PS524-18__1.jpg
FIR_ICDAR_0174,FIR,FIR_Dataset_ICDAR2023,https://github.com/LegalDocumentProcessing/FIR_Dataset_ICDAR2023,jpg,,mixed/unknown,1,contains_pii,not_redacted,repository_MIT_verify_data_license,pending,dataset_provenance,2026-09-08,Source group: Baguiati; field_annotations=yes; original_filename=Baguiati PS524-2021__1.jpg
FIR_ICDAR_0175,FIR,FIR_Dataset_ICDAR2023,https://github.com/LegalDocumentProcessing/FIR_Dataset_ICDAR2023,jpg,,mixed/unknown,1,contains_pii,not_redacted,repository_MIT_verify_data_license,pending,dataset_provenance,2026-09-08,Source group: Baguiati; field_annotations=yes; original_filename=Baguiati PS525-18__1.jpg
FIR_ICDAR_0176,FIR,FIR_Dataset_ICDAR2023,https://github.com/LegalDocumentProcessing/FIR_Dataset_ICDAR2023,jpg,,mixed/unknown,1,contains_pii,not_redacted,repository_MIT_verify_data_license,pending,dataset_provenance,2026-09-08,Source group: Baguiati; field_annotations=yes; original_filename=Baguiati PS525-2021__1.jpg
FIR_ICDAR_0177,FIR,FIR_Dataset_ICDAR2023,https://github.com/LegalDocumentProcessing/FIR_Dataset_ICDAR2023,jpg,,mixed/unknown,1,contains_pii,not_redacted,repository_MIT_verify_data_license,pending,dataset_provenance,2026-09-08,Source group: Baguiati; field_annotations=yes; original_filename=Baguiati PS526-18__1.jpg
FIR_ICDAR_0178,FIR,FIR_Dataset_ICDAR2023,https://github.com/LegalDocumentProcessing/FIR_Dataset_ICDAR2023,jpg,,mixed/unknown,1,contains_pii,not_redacted,repository_MIT_verify_data_license,pending,dataset_provenance,2026-09-08,Source group: Baguiati; field_annotations=yes; original_filename=Baguiati PS526-2021__1.jpg
FIR_ICDAR_0179,FIR,FIR_Dataset_ICDAR2023,https://github.com/LegalDocumentProcessing/FIR_Dataset_ICDAR2023,jpg,,mixed/unknown,1,contains_pii,not_redacted,repository_MIT_verify_data_license,pending,dataset_provenance,2026-09-08,Source group: Baguiati; field_annotations=yes; original_filename=Baguiati PS527-18__1.jpg
FIR_ICDAR_0180,FIR,FIR_Dataset_ICDAR2023,https://github.com/LegalDocumentProcessing/FIR_Dataset_ICDAR2023,jpg,,mixed/unknown,1,contains_pii,not_redacted,repository_MIT_verify_data_license,pending,dataset_provenance,2026-09-08,Source group: Baguiati; field_annotations=yes; original_filename=Baguiati PS527-19__1.jpg
FIR_ICDAR_0181,FIR,FIR_Dataset_ICDAR2023,https://github.com/LegalDocumentProcessing/FIR_Dataset_ICDAR2023,jpg,,mixed/unknown,1,contains_pii,not_redacted,repository_MIT_verify_data_license,pending,dataset_provenance,2026-09-08,Source group: Baguiati; field_annotations=yes; original_filename=Baguiati PS527-2021__1.jpg
FIR_ICDAR_0182,FIR,FIR_Dataset_ICDAR2023,https://github.com/LegalDocumentProcessing/FIR_Dataset_ICDAR2023,jpg,,mixed/unknown,1,contains_pii,not_redacted,repository_MIT_verify_data_license,pending,dataset_provenance,2026-09-08,Source group: Baguiati; field_annotations=yes; original_filename=Baguiati PS528-18__1.jpg
FIR_ICDAR_0183,FIR,FIR_Dataset_ICDAR2023,https://github.com/LegalDocumentProcessing/FIR_Dataset_ICDAR2023,jpg,,mixed/unknown,1,contains_pii,not_redacted,repository_MIT_verify_data_license,pending,dataset_provenance,2026-09-08,Source group: Baguiati; field_annotations=yes; original_filename=Baguiati PS528-2021__1.jpg
FIR_ICDAR_0184,FIR,FIR_Dataset_ICDAR2023,https://github.com/LegalDocumentProcessing/FIR_Dataset_ICDAR2023,jpg,,mixed/unknown,1,contains_pii,not_redacted,repository_MIT_verify_data_license,pending,dataset_provenance,2026-09-08,Source group: Baguiati; field_annotations=yes; original_filename=Baguiati PS529-18__1.jpg
FIR_ICDAR_0185,FIR,FIR_Dataset_ICDAR2023,https://github.com/LegalDocumentProcessing/FIR_Dataset_ICDAR2023,jpg,,mixed/unknown,1,contains_pii,not_redacted,repository_MIT_verify_data_license,pending,dataset_provenance,2026-09-08,Source group: Baguiati; field_annotations=yes; original_filename=Baguiati PS529-2021__1.jpg
FIR_ICDAR_0186,FIR,FIR_Dataset_ICDAR2023,https://github.com/LegalDocumentProcessing/FIR_Dataset_ICDAR2023,jpg,,mixed/unknown,1,contains_pii,not_redacted,repository_MIT_verify_data_license,pending,dataset_provenance,2026-09-08,Source group: Baguiati; field_annotations=yes; original_filename=Baguiati PS530-18__1.jpg
FIR_ICDAR_0187,FIR,FIR_Dataset_ICDAR2023,https://github.com/LegalDocumentProcessing/FIR_Dataset_ICDAR2023,jpg,,mixed/unknown,1,contains_pii,not_redacted,repository_MIT_verify_data_license,pending,dataset_provenance,2026-09-08,Source group: Baguiati; field_annotations=yes; original_filename=Baguiati PS530-2021__1.jpg
FIR_ICDAR_0188,FIR,FIR_Dataset_ICDAR2023,https://github.com/LegalDocumentProcessing/FIR_Dataset_ICDAR2023,jpg,,mixed/unknown,1,contains_pii,not_redacted,repository_MIT_verify_data_license,pending,dataset_provenance,2026-09-08,Source group: Baguiati; field_annotations=yes; original_filename=Baguiati PS531-18__1.jpg
FIR_ICDAR_0189,FIR,FIR_Dataset_ICDAR2023,https://github.com/LegalDocumentProcessing/FIR_Dataset_ICDAR2023,jpg,,mixed/unknown,1,contains_pii,not_redacted,repository_MIT_verify_data_license,pending,dataset_provenance,2026-09-08,Source group: Baguiati; field_annotations=yes; original_filename=Baguiati PS531-2021__1.jpg
FIR_ICDAR_0190,FIR,FIR_Dataset_ICDAR2023,https://github.com/LegalDocumentProcessing/FIR_Dataset_ICDAR2023,jpg,,mixed/unknown,1,contains_pii,not_redacted,repository_MIT_verify_data_license,pending,dataset_provenance,2026-09-08,Source group: Baguiati; field_annotations=yes; original_filename=Baguiati PS532-18__1.jpg
FIR_ICDAR_0191,FIR,FIR_Dataset_ICDAR2023,https://github.com/LegalDocumentProcessing/FIR_Dataset_ICDAR2023,jpg,,mixed/unknown,1,contains_pii,not_redacted,repository_MIT_verify_data_license,pending,dataset_provenance,2026-09-08,Source group: Baguiati; field_annotations=yes; original_filename=Baguiati PS532-2021__1.jpg
FIR_ICDAR_0192,FIR,FIR_Dataset_ICDAR2023,https://github.com/LegalDocumentProcessing/FIR_Dataset_ICDAR2023,jpg,,mixed/unknown,1,contains_pii,not_redacted,repository_MIT_verify_data_license,pending,dataset_provenance,2026-09-08,Source group: Baguiati; field_annotations=yes; original_filename=Baguiati PS533-18__1.jpg
FIR_ICDAR_0193,FIR,FIR_Dataset_ICDAR2023,https://github.com/LegalDocumentProcessing/FIR_Dataset_ICDAR2023,jpg,,mixed/unknown,1,contains_pii,not_redacted,repository_MIT_verify_data_license,pending,dataset_provenance,2026-09-08,Source group: Baguiati; field_annotations=yes; original_filename=Baguiati PS533-2021__1.jpg
FIR_ICDAR_0194,FIR,FIR_Dataset_ICDAR2023,https://github.com/LegalDocumentProcessing/FIR_Dataset_ICDAR2023,jpg,,mixed/unknown,1,contains_pii,not_redacted,repository_MIT_verify_data_license,pending,dataset_provenance,2026-09-08,Source group: Baguiati; field_annotations=yes; original_filename=Baguiati PS534-18__1.jpg
FIR_ICDAR_0195,FIR,FIR_Dataset_ICDAR2023,https://github.com/LegalDocumentProcessing/FIR_Dataset_ICDAR2023,jpg,,mixed/unknown,1,contains_pii,not_redacted,repository_MIT_verify_data_license,pending,dataset_provenance,2026-09-08,Source group: Baguiati; field_annotations=yes; original_filename=Baguiati PS534-2021__1.jpg
FIR_ICDAR_0196,FIR,FIR_Dataset_ICDAR2023,https://github.com/LegalDocumentProcessing/FIR_Dataset_ICDAR2023,jpg,,mixed/unknown,1,contains_pii,not_redacted,repository_MIT_verify_data_license,pending,dataset_provenance,2026-09-08,Source group: Baguiati; field_annotations=yes; original_filename=Baguiati PS535-18__1.jpg
FIR_ICDAR_0197,FIR,FIR_Dataset_ICDAR2023,https://github.com/LegalDocumentProcessing/FIR_Dataset_ICDAR2023,jpg,,mixed/unknown,1,contains_pii,not_redacted,repository_MIT_verify_data_license,pending,dataset_provenance,2026-09-08,Source group: Baguiati; field_annotations=yes; original_filename=Baguiati PS535-2021__1.jpg
FIR_ICDAR_0198,FIR,FIR_Dataset_ICDAR2023,https://github.com/LegalDocumentProcessing/FIR_Dataset_ICDAR2023,jpg,,mixed/unknown,1,contains_pii,not_redacted,repository_MIT_verify_data_license,pending,dataset_provenance,2026-09-08,Source group: Baguiati; field_annotations=yes; original_filename=Baguiati PS536-18__1.jpg
FIR_ICDAR_0199,FIR,FIR_Dataset_ICDAR2023,https://github.com/LegalDocumentProcessing/FIR_Dataset_ICDAR2023,jpg,,mixed/unknown,1,contains_pii,not_redacted,repository_MIT_verify_data_license,pending,dataset_provenance,2026-09-08,Source group: Baguiati; field_annotations=yes; original_filename=Baguiati PS536-2021__1.jpg
FIR_ICDAR_0200,FIR,FIR_Dataset_ICDAR2023,https://github.com/LegalDocumentProcessing/FIR_Dataset_ICDAR2023,jpg,,mixed/unknown,1,contains_pii,not_redacted,repository_MIT_verify_data_license,pending,dataset_provenance,2026-09-08,Source group: Baguiati; field_annotations=yes; original_filename=Baguiati PS537-18__1.jpg
FIR_ICDAR_0201,FIR,FIR_Dataset_ICDAR2023,https://github.com/LegalDocumentProcessing/FIR_Dataset_ICDAR2023,jpg,,mixed/unknown,1,contains_pii,not_redacted,repository_MIT_verify_data_license,pending,dataset_provenance,2026-09-08,Source group: Baguiati; field_annotations=yes; original_filename=Baguiati PS537-2021__1.jpg
FIR_ICDAR_0202,FIR,FIR_Dataset_ICDAR2023,https://github.com/LegalDocumentProcessing/FIR_Dataset_ICDAR2023,jpg,,mixed/unknown,1,contains_pii,not_redacted,repository_MIT_verify_data_license,pending,dataset_provenance,2026-09-08,Source group: Baguiati; field_annotations=yes; original_filename=Baguiati PS538-18__1.jpg
FIR_ICDAR_0203,FIR,FIR_Dataset_ICDAR2023,https://github.com/LegalDocumentProcessing/FIR_Dataset_ICDAR2023,jpg,,mixed/unknown,1,contains_pii,not_redacted,repository_MIT_verify_data_license,pending,dataset_provenance,2026-09-08,Source group: Baguiati; field_annotations=yes; original_filename=Baguiati PS538-2021__1.jpg
FIR_ICDAR_0204,FIR,FIR_Dataset_ICDAR2023,https://github.com/LegalDocumentProcessing/FIR_Dataset_ICDAR2023,jpg,,mixed/unknown,1,contains_pii,not_redacted,repository_MIT_verify_data_license,pending,dataset_provenance,2026-09-08,Source group: Baguiati; field_annotations=yes; original_filename=Baguiati PS539-18__1.jpg
FIR_ICDAR_0205,FIR,FIR_Dataset_ICDAR2023,https://github.com/LegalDocumentProcessing/FIR_Dataset_ICDAR2023,jpg,,mixed/unknown,1,contains_pii,not_redacted,repository_MIT_verify_data_license,pending,dataset_provenance,2026-09-08,Source group: Baguiati; field_annotations=yes; original_filename=Baguiati PS539-2021__1.jpg
FIR_ICDAR_0206,FIR,FIR_Dataset_ICDAR2023,https://github.com/LegalDocumentProcessing/FIR_Dataset_ICDAR2023,jpg,,mixed/unknown,1,contains_pii,not_redacted,repository_MIT_verify_data_license,pending,dataset_provenance,2026-09-08,Source group: Baguiati; field_annotations=yes; original_filename=Baguiati PS540-18__1.jpg
FIR_ICDAR_0207,FIR,FIR_Dataset_ICDAR2023,https://github.com/LegalDocumentProcessing/FIR_Dataset_ICDAR2023,jpg,,mixed/unknown,1,contains_pii,not_redacted,repository_MIT_verify_data_license,pending,dataset_provenance,2026-09-08,Source group: Baguiati; field_annotations=yes; original_filename=Baguiati PS540-2021__1.jpg
FIR_ICDAR_0208,FIR,FIR_Dataset_ICDAR2023,https://github.com/LegalDocumentProcessing/FIR_Dataset_ICDAR2023,jpg,,mixed/unknown,1,contains_pii,not_redacted,repository_MIT_verify_data_license,pending,dataset_provenance,2026-09-08,Source group: Baguiati; field_annotations=yes; original_filename=Baguiati PS541-18__1.jpg
FIR_ICDAR_0209,FIR,FIR_Dataset_ICDAR2023,https://github.com/LegalDocumentProcessing/FIR_Dataset_ICDAR2023,jpg,,mixed/unknown,1,contains_pii,not_redacted,repository_MIT_verify_data_license,pending,dataset_provenance,2026-09-08,Source group: Baguiati; field_annotations=yes; original_filename=Baguiati PS541-2021__1.jpg
FIR_ICDAR_0210,FIR,FIR_Dataset_ICDAR2023,https://github.com/LegalDocumentProcessing/FIR_Dataset_ICDAR2023,jpg,,mixed/unknown,1,contains_pii,not_redacted,repository_MIT_verify_data_license,pending,dataset_provenance,2026-09-08,Source group: Baguiati; field_annotations=yes; original_filename=Baguiati PS542-18__1.jpg
FIR_ICDAR_0211,FIR,FIR_Dataset_ICDAR2023,https://github.com/LegalDocumentProcessing/FIR_Dataset_ICDAR2023,jpg,,mixed/unknown,1,contains_pii,not_redacted,repository_MIT_verify_data_license,pending,dataset_provenance,2026-09-08,Source group: Baguiati; field_annotations=yes; original_filename=Baguiati PS542-2021__1.jpg
FIR_ICDAR_0212,FIR,FIR_Dataset_ICDAR2023,https://github.com/LegalDocumentProcessing/FIR_Dataset_ICDAR2023,jpg,,mixed/unknown,1,contains_pii,not_redacted,repository_MIT_verify_data_license,pending,dataset_provenance,2026-09-08,Source group: Baguiati; field_annotations=yes; original_filename=Baguiati PS543-18__1.jpg
FIR_ICDAR_0213,FIR,FIR_Dataset_ICDAR2023,https://github.com/LegalDocumentProcessing/FIR_Dataset_ICDAR2023,jpg,,mixed/unknown,1,contains_pii,not_redacted,repository_MIT_verify_data_license,pending,dataset_provenance,2026-09-08,Source group: Baguiati; field_annotations=yes; original_filename=Baguiati PS543-2021__1.jpg
FIR_ICDAR_0214,FIR,FIR_Dataset_ICDAR2023,https://github.com/LegalDocumentProcessing/FIR_Dataset_ICDAR2023,jpg,,mixed/unknown,1,contains_pii,not_redacted,repository_MIT_verify_data_license,pending,dataset_provenance,2026-09-08,Source group: Baguiati; field_annotations=yes; original_filename=Baguiati PS544-18__1.jpg
FIR_ICDAR_0215,FIR,FIR_Dataset_ICDAR2023,https://github.com/LegalDocumentProcessing/FIR_Dataset_ICDAR2023,jpg,,mixed/unknown,1,contains_pii,not_redacted,repository_MIT_verify_data_license,pending,dataset_provenance,2026-09-08,Source group: Baguiati; field_annotations=yes; original_filename=Baguiati PS544-2021__1.jpg
FIR_ICDAR_0216,FIR,FIR_Dataset_ICDAR2023,https://github.com/LegalDocumentProcessing/FIR_Dataset_ICDAR2023,jpg,,mixed/unknown,1,contains_pii,not_redacted,repository_MIT_verify_data_license,pending,dataset_provenance,2026-09-08,Source group: Baguiati; field_annotations=yes; original_filename=Baguiati PS545-18__1.jpg
FIR_ICDAR_0217,FIR,FIR_Dataset_ICDAR2023,https://github.com/LegalDocumentProcessing/FIR_Dataset_ICDAR2023,jpg,,mixed/unknown,1,contains_pii,not_redacted,repository_MIT_verify_data_license,pending,dataset_provenance,2026-09-08,Source group: Baguiati; field_annotations=yes; original_filename=Baguiati PS545-2021__1.jpg
FIR_ICDAR_0218,FIR,FIR_Dataset_ICDAR2023,https://github.com/LegalDocumentProcessing/FIR_Dataset_ICDAR2023,jpg,,mixed/unknown,1,contains_pii,not_redacted,repository_MIT_verify_data_license,pending,dataset_provenance,2026-09-08,Source group: Baguiati; field_annotations=yes; original_filename=Baguiati PS546-18__1.jpg
FIR_ICDAR_0219,FIR,FIR_Dataset_ICDAR2023,https://github.com/LegalDocumentProcessing/FIR_Dataset_ICDAR2023,jpg,,mixed/unknown,1,contains_pii,not_redacted,repository_MIT_verify_data_license,pending,dataset_provenance,2026-09-08,Source group: Baguiati; field_annotations=yes; original_filename=Baguiati PS546-2021__1.jpg
FIR_ICDAR_0220,FIR,FIR_Dataset_ICDAR2023,https://github.com/LegalDocumentProcessing/FIR_Dataset_ICDAR2023,jpg,,mixed/unknown,1,contains_pii,not_redacted,repository_MIT_verify_data_license,pending,dataset_provenance,2026-09-08,Source group: Baguiati; field_annotations=yes; original_filename=Baguiati PS547-18__1.jpg
FIR_ICDAR_0221,FIR,FIR_Dataset_ICDAR2023,https://github.com/LegalDocumentProcessing/FIR_Dataset_ICDAR2023,jpg,,mixed/unknown,1,contains_pii,not_redacted,repository_MIT_verify_data_license,pending,dataset_provenance,2026-09-08,Source group: Baguiati; field_annotations=yes; original_filename=Baguiati PS547-2021__1.jpg
FIR_ICDAR_0222,FIR,FIR_Dataset_ICDAR2023,https://github.com/LegalDocumentProcessing/FIR_Dataset_ICDAR2023,jpg,,mixed/unknown,1,contains_pii,not_redacted,repository_MIT_verify_data_license,pending,dataset_provenance,2026-09-08,Source group: Baguiati; field_annotations=yes; original_filename=Baguiati PS548-18__1.jpg
FIR_ICDAR_0223,FIR,FIR_Dataset_ICDAR2023,https://github.com/LegalDocumentProcessing/FIR_Dataset_ICDAR2023,jpg,,mixed/unknown,1,contains_pii,not_redacted,repository_MIT_verify_data_license,pending,dataset_provenance,2026-09-08,Source group: Baguiati; field_annotations=yes; original_filename=Baguiati PS548-2021__1.jpg
FIR_ICDAR_0224,FIR,FIR_Dataset_ICDAR2023,https://github.com/LegalDocumentProcessing/FIR_Dataset_ICDAR2023,jpg,,mixed/unknown,1,contains_pii,not_redacted,repository_MIT_verify_data_license,pending,dataset_provenance,2026-09-08,Source group: Baguiati; field_annotations=yes; original_filename=Baguiati PS549-18__1.jpg
FIR_ICDAR_0225,FIR,FIR_Dataset_ICDAR2023,https://github.com/LegalDocumentProcessing/FIR_Dataset_ICDAR2023,jpg,,mixed/unknown,1,contains_pii,not_redacted,repository_MIT_verify_data_license,pending,dataset_provenance,2026-09-08,Source group: Baguiati; field_annotations=yes; original_filename=Baguiati PS549-2021__1.jpg
FIR_ICDAR_0226,FIR,FIR_Dataset_ICDAR2023,https://github.com/LegalDocumentProcessing/FIR_Dataset_ICDAR2023,jpg,,mixed/unknown,1,contains_pii,not_redacted,repository_MIT_verify_data_license,pending,dataset_provenance,2026-09-08,Source group: Baguiati; field_annotations=yes; original_filename=Baguiati PS550-18__1.jpg
FIR_ICDAR_0227,FIR,FIR_Dataset_ICDAR2023,https://github.com/LegalDocumentProcessing/FIR_Dataset_ICDAR2023,jpg,,mixed/unknown,1,contains_pii,not_redacted,repository_MIT_verify_data_license,pending,dataset_provenance,2026-09-08,Source group: Baguiati; field_annotations=yes; original_filename=Baguiati PS550-2021__1.jpg
FIR_ICDAR_0228,FIR,FIR_Dataset_ICDAR2023,https://github.com/LegalDocumentProcessing/FIR_Dataset_ICDAR2023,jpg,,mixed/unknown,1,contains_pii,not_redacted,repository_MIT_verify_data_license,pending,dataset_provenance,2026-09-08,Source group: Bidhannagar North; field_annotations=yes; original_filename=Bidhannagar North PSBDN-NORTH-0200-2017-4289__1.jpg
FIR_ICDAR_0229,FIR,FIR_Dataset_ICDAR2023,https://github.com/LegalDocumentProcessing/FIR_Dataset_ICDAR2023,jpg,,mixed/unknown,1,contains_pii,not_redacted,repository_MIT_verify_data_license,pending,dataset_provenance,2026-09-08,Source group: Bidhannagar North; field_annotations=yes; original_filename=Bidhannagar North PSBDN-NORTH-0201-2017-4187__1.jpg
FIR_ICDAR_0230,FIR,FIR_Dataset_ICDAR2023,https://github.com/LegalDocumentProcessing/FIR_Dataset_ICDAR2023,jpg,,mixed/unknown,1,contains_pii,not_redacted,repository_MIT_verify_data_license,pending,dataset_provenance,2026-09-08,Source group: Bidhannagar North; field_annotations=yes; original_filename=Bidhannagar North PSBDN-NORTH-0202-2017-4251__1.jpg
FIR_ICDAR_0231,FIR,FIR_Dataset_ICDAR2023,https://github.com/LegalDocumentProcessing/FIR_Dataset_ICDAR2023,jpg,,mixed/unknown,1,contains_pii,not_redacted,repository_MIT_verify_data_license,pending,dataset_provenance,2026-09-08,Source group: Bidhannagar North; field_annotations=yes; original_filename=Bidhannagar North PSBDN-NORTH-0203-2017-4270__1.jpg
FIR_ICDAR_0232,FIR,FIR_Dataset_ICDAR2023,https://github.com/LegalDocumentProcessing/FIR_Dataset_ICDAR2023,jpg,,mixed/unknown,1,contains_pii,not_redacted,repository_MIT_verify_data_license,pending,dataset_provenance,2026-09-08,Source group: Bidhannagar North; field_annotations=no; original_filename=Bidhannagar North PSBDN-NORTH-0204-2017-1812__1.jpg
FIR_ICDAR_0233,FIR,FIR_Dataset_ICDAR2023,https://github.com/LegalDocumentProcessing/FIR_Dataset_ICDAR2023,jpg,,mixed/unknown,1,contains_pii,not_redacted,repository_MIT_verify_data_license,pending,dataset_provenance,2026-09-08,Source group: Bidhannagar North; field_annotations=yes; original_filename=Bidhannagar North PSBDN-NORTH-0205-2017-1730__1.jpg
FIR_ICDAR_0234,FIR,FIR_Dataset_ICDAR2023,https://github.com/LegalDocumentProcessing/FIR_Dataset_ICDAR2023,jpg,,mixed/unknown,1,contains_pii,not_redacted,repository_MIT_verify_data_license,pending,dataset_provenance,2026-09-08,Source group: Bidhannagar North; field_annotations=no; original_filename=Bidhannagar North PSBDN-NORTH-0206-2017-1745__1.jpg
FIR_ICDAR_0235,FIR,FIR_Dataset_ICDAR2023,https://github.com/LegalDocumentProcessing/FIR_Dataset_ICDAR2023,jpg,,mixed/unknown,1,contains_pii,not_redacted,repository_MIT_verify_data_license,pending,dataset_provenance,2026-09-08,Source group: Bidhannagar North; field_annotations=yes; original_filename=Bidhannagar North PSBDN-NORTH-0207-2017-1747__1.jpg
FIR_ICDAR_0236,FIR,FIR_Dataset_ICDAR2023,https://github.com/LegalDocumentProcessing/FIR_Dataset_ICDAR2023,jpg,,mixed/unknown,1,contains_pii,not_redacted,repository_MIT_verify_data_license,pending,dataset_provenance,2026-09-08,Source group: Bidhannagar North; field_annotations=yes; original_filename=Bidhannagar North PSBDN-NORTH-0208-2017-2524__1.jpg
FIR_ICDAR_0237,FIR,FIR_Dataset_ICDAR2023,https://github.com/LegalDocumentProcessing/FIR_Dataset_ICDAR2023,jpg,,mixed/unknown,1,contains_pii,not_redacted,repository_MIT_verify_data_license,pending,dataset_provenance,2026-09-08,Source group: Bidhannagar North; field_annotations=yes; original_filename=Bidhannagar North PSBDN-NORTH-0209-2017-2574__1.jpg
FIR_ICDAR_0238,FIR,FIR_Dataset_ICDAR2023,https://github.com/LegalDocumentProcessing/FIR_Dataset_ICDAR2023,jpg,,mixed/unknown,1,contains_pii,not_redacted,repository_MIT_verify_data_license,pending,dataset_provenance,2026-09-08,Source group: Bidhannagar North; field_annotations=yes; original_filename=Bidhannagar North PSBDN-NORTH-0210-2017-2578__1.jpg
FIR_ICDAR_0239,FIR,FIR_Dataset_ICDAR2023,https://github.com/LegalDocumentProcessing/FIR_Dataset_ICDAR2023,jpg,,mixed/unknown,1,contains_pii,not_redacted,repository_MIT_verify_data_license,pending,dataset_provenance,2026-09-08,Source group: Bidhannagar North; field_annotations=yes; original_filename=Bidhannagar North PSBDN-NORTH-0211-2017-2475__1.jpg
FIR_ICDAR_0240,FIR,FIR_Dataset_ICDAR2023,https://github.com/LegalDocumentProcessing/FIR_Dataset_ICDAR2023,jpg,,mixed/unknown,1,contains_pii,not_redacted,repository_MIT_verify_data_license,pending,dataset_provenance,2026-09-08,Source group: Bidhannagar North; field_annotations=yes; original_filename=Bidhannagar North PSBDN-NORTH-0212-2017-2522__1.jpg
FIR_ICDAR_0241,FIR,FIR_Dataset_ICDAR2023,https://github.com/LegalDocumentProcessing/FIR_Dataset_ICDAR2023,jpg,,mixed/unknown,1,contains_pii,not_redacted,repository_MIT_verify_data_license,pending,dataset_provenance,2026-09-08,Source group: Bidhannagar North; field_annotations=yes; original_filename=Bidhannagar North PSBDN-NORTH-0213-2017-2509__1.jpg
FIR_ICDAR_0242,FIR,FIR_Dataset_ICDAR2023,https://github.com/LegalDocumentProcessing/FIR_Dataset_ICDAR2023,jpg,,mixed/unknown,1,contains_pii,not_redacted,repository_MIT_verify_data_license,pending,dataset_provenance,2026-09-08,Source group: Bidhannagar North; field_annotations=yes; original_filename=Bidhannagar North PSBDN-NORTH-0214-2017-2568__1.jpg
FIR_ICDAR_0243,FIR,FIR_Dataset_ICDAR2023,https://github.com/LegalDocumentProcessing/FIR_Dataset_ICDAR2023,jpg,,mixed/unknown,1,contains_pii,not_redacted,repository_MIT_verify_data_license,pending,dataset_provenance,2026-09-08,Source group: Bidhannagar North; field_annotations=yes; original_filename=Bidhannagar North PSBDN-NORTH-0215-2017-2477__1.jpg
FIR_ICDAR_0244,FIR,FIR_Dataset_ICDAR2023,https://github.com/LegalDocumentProcessing/FIR_Dataset_ICDAR2023,jpg,,mixed/unknown,1,contains_pii,not_redacted,repository_MIT_verify_data_license,pending,dataset_provenance,2026-09-08,Source group: Bidhannagar North; field_annotations=yes; original_filename=Bidhannagar North PSBDN-NORTH-0216-2017-3672__1.jpg
FIR_ICDAR_0245,FIR,FIR_Dataset_ICDAR2023,https://github.com/LegalDocumentProcessing/FIR_Dataset_ICDAR2023,jpg,,mixed/unknown,1,contains_pii,not_redacted,repository_MIT_verify_data_license,pending,dataset_provenance,2026-09-08,Source group: Bidhannagar North; field_annotations=yes; original_filename=Bidhannagar North PSBDN-NORTH-0217-2017-3628__1.jpg
FIR_ICDAR_0246,FIR,FIR_Dataset_ICDAR2023,https://github.com/LegalDocumentProcessing/FIR_Dataset_ICDAR2023,jpg,,mixed/unknown,1,contains_pii,not_redacted,repository_MIT_verify_data_license,pending,dataset_provenance,2026-09-08,Source group: Bidhannagar North; field_annotations=yes; original_filename=Bidhannagar North PSBDN-NORTH-0218-2017-3621__1.jpg
FIR_ICDAR_0247,FIR,FIR_Dataset_ICDAR2023,https://github.com/LegalDocumentProcessing/FIR_Dataset_ICDAR2023,jpg,,mixed/unknown,1,contains_pii,not_redacted,repository_MIT_verify_data_license,pending,dataset_provenance,2026-09-08,Source group: Bidhannagar North; field_annotations=yes; original_filename=Bidhannagar North PSBDN-NORTH-0219-2017-3662__1.jpg
FIR_ICDAR_0248,FIR,FIR_Dataset_ICDAR2023,https://github.com/LegalDocumentProcessing/FIR_Dataset_ICDAR2023,jpg,,mixed/unknown,1,contains_pii,not_redacted,repository_MIT_verify_data_license,pending,dataset_provenance,2026-09-08,Source group: Bidhannagar North; field_annotations=no; original_filename=Bidhannagar North PSBDN-NORTH-0220-2017-5386__1.jpg
FIR_ICDAR_0249,FIR,FIR_Dataset_ICDAR2023,https://github.com/LegalDocumentProcessing/FIR_Dataset_ICDAR2023,jpg,,mixed/unknown,1,contains_pii,not_redacted,repository_MIT_verify_data_license,pending,dataset_provenance,2026-09-08,Source group: Bidhannagar North; field_annotations=yes; original_filename=Bidhannagar North PSBDN-NORTH-0221-2017-5340__1.jpg
FIR_ICDAR_0250,FIR,FIR_Dataset_ICDAR2023,https://github.com/LegalDocumentProcessing/FIR_Dataset_ICDAR2023,jpg,,mixed/unknown,1,contains_pii,not_redacted,repository_MIT_verify_data_license,pending,dataset_provenance,2026-09-08,Source group: Bidhannagar North; field_annotations=yes; original_filename=Bidhannagar North PSBDN-NORTH-0222-2017-5361__1.jpg
FIR_ICDAR_0251,FIR,FIR_Dataset_ICDAR2023,https://github.com/LegalDocumentProcessing/FIR_Dataset_ICDAR2023,jpg,,mixed/unknown,1,contains_pii,not_redacted,repository_MIT_verify_data_license,pending,dataset_provenance,2026-09-08,Source group: Bidhannagar North; field_annotations=yes; original_filename=Bidhannagar North PSBDN-NORTH-0223-2017-5333__1.jpg
FIR_ICDAR_0252,FIR,FIR_Dataset_ICDAR2023,https://github.com/LegalDocumentProcessing/FIR_Dataset_ICDAR2023,jpg,,mixed/unknown,1,contains_pii,not_redacted,repository_MIT_verify_data_license,pending,dataset_provenance,2026-09-08,Source group: Bidhannagar North; field_annotations=yes; original_filename=Bidhannagar North PSBDN-NORTH-0224-2017-5429__1.jpg
FIR_ICDAR_0253,FIR,FIR_Dataset_ICDAR2023,https://github.com/LegalDocumentProcessing/FIR_Dataset_ICDAR2023,jpg,,mixed/unknown,1,contains_pii,not_redacted,repository_MIT_verify_data_license,pending,dataset_provenance,2026-09-08,Source group: Bidhannagar North; field_annotations=yes; original_filename=Bidhannagar North PSBDN-NORTH-0225-2017-5961__1.jpg
FIR_ICDAR_0254,FIR,FIR_Dataset_ICDAR2023,https://github.com/LegalDocumentProcessing/FIR_Dataset_ICDAR2023,jpg,,mixed/unknown,1,contains_pii,not_redacted,repository_MIT_verify_data_license,pending,dataset_provenance,2026-09-08,Source group: Bidhannagar North; field_annotations=yes; original_filename=Bidhannagar North PSBDN-NORTH-0226-2017-5903__1.jpg
FIR_ICDAR_0255,FIR,FIR_Dataset_ICDAR2023,https://github.com/LegalDocumentProcessing/FIR_Dataset_ICDAR2023,jpg,,mixed/unknown,1,contains_pii,not_redacted,repository_MIT_verify_data_license,pending,dataset_provenance,2026-09-08,Source group: Bidhannagar North; field_annotations=yes; original_filename=Bidhannagar North PSBDN-NORTH-0227-2017-5975__1.jpg
FIR_ICDAR_0256,FIR,FIR_Dataset_ICDAR2023,https://github.com/LegalDocumentProcessing/FIR_Dataset_ICDAR2023,jpg,,mixed/unknown,1,contains_pii,not_redacted,repository_MIT_verify_data_license,pending,dataset_provenance,2026-09-08,Source group: Bidhannagar North; field_annotations=yes; original_filename=Bidhannagar North PSBDN-NORTH-0228-2017-5944__1.jpg
FIR_ICDAR_0257,FIR,FIR_Dataset_ICDAR2023,https://github.com/LegalDocumentProcessing/FIR_Dataset_ICDAR2023,jpg,,mixed/unknown,1,contains_pii,not_redacted,repository_MIT_verify_data_license,pending,dataset_provenance,2026-09-08,Source group: Bidhannagar North; field_annotations=yes; original_filename=Bidhannagar North PSBDN-NORTH-0229-2017-5999__1.jpg
FIR_ICDAR_0258,FIR,FIR_Dataset_ICDAR2023,https://github.com/LegalDocumentProcessing/FIR_Dataset_ICDAR2023,jpg,,mixed/unknown,1,contains_pii,not_redacted,repository_MIT_verify_data_license,pending,dataset_provenance,2026-09-08,Source group: Bidhannagar North; field_annotations=yes; original_filename=Bidhannagar North PSBDN-NORTH-0230-2017-5923__1.jpg
FIR_ICDAR_0259,FIR,FIR_Dataset_ICDAR2023,https://github.com/LegalDocumentProcessing/FIR_Dataset_ICDAR2023,jpg,,mixed/unknown,1,contains_pii,not_redacted,repository_MIT_verify_data_license,pending,dataset_provenance,2026-09-08,Source group: Bidhannagar North; field_annotations=yes; original_filename=Bidhannagar North PSBDN-NORTH-0231-2017-5927__1.jpg
FIR_ICDAR_0260,FIR,FIR_Dataset_ICDAR2023,https://github.com/LegalDocumentProcessing/FIR_Dataset_ICDAR2023,jpg,,mixed/unknown,1,contains_pii,not_redacted,repository_MIT_verify_data_license,pending,dataset_provenance,2026-09-08,Source group: Bidhannagar North; field_annotations=yes; original_filename=Bidhannagar North PSBDN-NORTH-0232-2017-5912__1.jpg
FIR_ICDAR_0261,FIR,FIR_Dataset_ICDAR2023,https://github.com/LegalDocumentProcessing/FIR_Dataset_ICDAR2023,jpg,,mixed/unknown,1,contains_pii,not_redacted,repository_MIT_verify_data_license,pending,dataset_provenance,2026-09-08,Source group: Bidhannagar North; field_annotations=yes; original_filename=Bidhannagar North PSBDN-NORTH-0233-2017-5916__1.jpg
FIR_ICDAR_0262,FIR,FIR_Dataset_ICDAR2023,https://github.com/LegalDocumentProcessing/FIR_Dataset_ICDAR2023,jpg,,mixed/unknown,1,contains_pii,not_redacted,repository_MIT_verify_data_license,pending,dataset_provenance,2026-09-08,Source group: Bidhannagar North; field_annotations=yes; original_filename=Bidhannagar North PSBDN-NORTH-0234-2017-5933__1.jpg
FIR_ICDAR_0263,FIR,FIR_Dataset_ICDAR2023,https://github.com/LegalDocumentProcessing/FIR_Dataset_ICDAR2023,jpg,,mixed/unknown,1,contains_pii,not_redacted,repository_MIT_verify_data_license,pending,dataset_provenance,2026-09-08,Source group: Bidhannagar North; field_annotations=yes; original_filename=Bidhannagar North PSBDN-NORTH-0235-2017-5971__1.jpg
FIR_ICDAR_0264,FIR,FIR_Dataset_ICDAR2023,https://github.com/LegalDocumentProcessing/FIR_Dataset_ICDAR2023,jpg,,mixed/unknown,1,contains_pii,not_redacted,repository_MIT_verify_data_license,pending,dataset_provenance,2026-09-08,Source group: Bidhannagar North; field_annotations=yes; original_filename=Bidhannagar North PSBDN-NORTH-0236-2017-5920__1.jpg
FIR_ICDAR_0265,FIR,FIR_Dataset_ICDAR2023,https://github.com/LegalDocumentProcessing/FIR_Dataset_ICDAR2023,jpg,,mixed/unknown,1,contains_pii,not_redacted,repository_MIT_verify_data_license,pending,dataset_provenance,2026-09-08,Source group: Bidhannagar North; field_annotations=yes; original_filename=Bidhannagar North PSBDN-NORTH-0237-2017-8509__1.jpg
FIR_ICDAR_0266,FIR,FIR_Dataset_ICDAR2023,https://github.com/LegalDocumentProcessing/FIR_Dataset_ICDAR2023,jpg,,mixed/unknown,1,contains_pii,not_redacted,repository_MIT_verify_data_license,pending,dataset_provenance,2026-09-08,Source group: Bidhannagar North; field_annotations=yes; original_filename=Bidhannagar North PSBDN-NORTH-0238-2017-7825__1.jpg
FIR_ICDAR_0267,FIR,FIR_Dataset_ICDAR2023,https://github.com/LegalDocumentProcessing/FIR_Dataset_ICDAR2023,jpg,,mixed/unknown,1,contains_pii,not_redacted,repository_MIT_verify_data_license,pending,dataset_provenance,2026-09-08,Source group: Bidhannagar North; field_annotations=yes; original_filename=Bidhannagar North PSBDN-NORTH-0239-2017-1973__1.jpg
FIR_ICDAR_0268,FIR,FIR_Dataset_ICDAR2023,https://github.com/LegalDocumentProcessing/FIR_Dataset_ICDAR2023,jpg,,mixed/unknown,1,contains_pii,not_redacted,repository_MIT_verify_data_license,pending,dataset_provenance,2026-09-08,Source group: Bidhannagar North; field_annotations=yes; original_filename=Bidhannagar North PSBDN-NORTH-0240-2017-1911__1.jpg
FIR_ICDAR_0269,FIR,FIR_Dataset_ICDAR2023,https://github.com/LegalDocumentProcessing/FIR_Dataset_ICDAR2023,jpg,,mixed/unknown,1,contains_pii,not_redacted,repository_MIT_verify_data_license,pending,dataset_provenance,2026-09-08,Source group: Bidhannagar North; field_annotations=yes; original_filename=Bidhannagar North PSBDN-NORTH-0241-2017-1937__1.jpg
FIR_ICDAR_0270,FIR,FIR_Dataset_ICDAR2023,https://github.com/LegalDocumentProcessing/FIR_Dataset_ICDAR2023,jpg,,mixed/unknown,1,contains_pii,not_redacted,repository_MIT_verify_data_license,pending,dataset_provenance,2026-09-08,Source group: Bidhannagar North; field_annotations=yes; original_filename=Bidhannagar North PSBDN-NORTH-0242-2017-4759__1.jpg
FIR_ICDAR_0271,FIR,FIR_Dataset_ICDAR2023,https://github.com/LegalDocumentProcessing/FIR_Dataset_ICDAR2023,jpg,,mixed/unknown,1,contains_pii,not_redacted,repository_MIT_verify_data_license,pending,dataset_provenance,2026-09-08,Source group: Bidhannagar North; field_annotations=yes; original_filename=Bidhannagar North PSBDN-NORTH-0243-2017-4780__1.jpg
FIR_ICDAR_0272,FIR,FIR_Dataset_ICDAR2023,https://github.com/LegalDocumentProcessing/FIR_Dataset_ICDAR2023,jpg,,mixed/unknown,1,contains_pii,not_redacted,repository_MIT_verify_data_license,pending,dataset_provenance,2026-09-08,Source group: Bidhannagar North; field_annotations=yes; original_filename=Bidhannagar North PSBDN-NORTH-0244-2017-4806__1.jpg
FIR_ICDAR_0273,FIR,FIR_Dataset_ICDAR2023,https://github.com/LegalDocumentProcessing/FIR_Dataset_ICDAR2023,jpg,,mixed/unknown,1,contains_pii,not_redacted,repository_MIT_verify_data_license,pending,dataset_provenance,2026-09-08,Source group: Bidhannagar North; field_annotations=yes; original_filename=Bidhannagar North PSBDN-NORTH-0245-2017-4850__1.jpg
FIR_ICDAR_0274,FIR,FIR_Dataset_ICDAR2023,https://github.com/LegalDocumentProcessing/FIR_Dataset_ICDAR2023,jpg,,mixed/unknown,1,contains_pii,not_redacted,repository_MIT_verify_data_license,pending,dataset_provenance,2026-09-08,Source group: Bidhannagar North; field_annotations=yes; original_filename=Bidhannagar North PSBDN-NORTH-0246-2017-2293__1.jpg
FIR_ICDAR_0275,FIR,FIR_Dataset_ICDAR2023,https://github.com/LegalDocumentProcessing/FIR_Dataset_ICDAR2023,jpg,,mixed/unknown,1,contains_pii,not_redacted,repository_MIT_verify_data_license,pending,dataset_provenance,2026-09-08,Source group: Bidhannagar North; field_annotations=yes; original_filename=Bidhannagar North PSBDN-NORTH-0247-2017-2357__1.jpg
FIR_ICDAR_0276,FIR,FIR_Dataset_ICDAR2023,https://github.com/LegalDocumentProcessing/FIR_Dataset_ICDAR2023,jpg,,mixed/unknown,1,contains_pii,not_redacted,repository_MIT_verify_data_license,pending,dataset_provenance,2026-09-08,Source group: Bidhannagar North; field_annotations=yes; original_filename=Bidhannagar North PSBDN-NORTH-0248-2017-4626__1.jpg
FIR_ICDAR_0277,FIR,FIR_Dataset_ICDAR2023,https://github.com/LegalDocumentProcessing/FIR_Dataset_ICDAR2023,jpg,,mixed/unknown,1,contains_pii,not_redacted,repository_MIT_verify_data_license,pending,dataset_provenance,2026-09-08,Source group: Bidhannagar North; field_annotations=yes; original_filename=Bidhannagar North PSBDN-NORTH-0249-2017-2338__1.jpg
FIR_ICDAR_0278,FIR,FIR_Dataset_ICDAR2023,https://github.com/LegalDocumentProcessing/FIR_Dataset_ICDAR2023,jpg,,mixed/unknown,1,contains_pii,not_redacted,repository_MIT_verify_data_license,pending,dataset_provenance,2026-09-08,Source group: Bidhannagar North; field_annotations=yes; original_filename=Bidhannagar North PSBDN-NORTH-0250-2017-2334__1.jpg
FIR_ICDAR_0279,FIR,FIR_Dataset_ICDAR2023,https://github.com/LegalDocumentProcessing/FIR_Dataset_ICDAR2023,jpg,,mixed/unknown,1,contains_pii,not_redacted,repository_MIT_verify_data_license,pending,dataset_provenance,2026-09-08,Source group: Bidhannagar South; field_annotations=yes; original_filename=Bidhannagar South PSBDN-SOUTH-0100-2017-4941__1.jpg
FIR_ICDAR_0280,FIR,FIR_Dataset_ICDAR2023,https://github.com/LegalDocumentProcessing/FIR_Dataset_ICDAR2023,jpg,,mixed/unknown,1,contains_pii,not_redacted,repository_MIT_verify_data_license,pending,dataset_provenance,2026-09-08,Source group: Bidhannagar South; field_annotations=yes; original_filename=Bidhannagar South PSBDN-SOUTH-0101-2017-5779__1.jpg
FIR_ICDAR_0281,FIR,FIR_Dataset_ICDAR2023,https://github.com/LegalDocumentProcessing/FIR_Dataset_ICDAR2023,jpg,,mixed/unknown,1,contains_pii,not_redacted,repository_MIT_verify_data_license,pending,dataset_provenance,2026-09-08,Source group: Bidhannagar South; field_annotations=yes; original_filename=Bidhannagar South PSBDN-SOUTH-0102-2017-4253__1.jpg
FIR_ICDAR_0282,FIR,FIR_Dataset_ICDAR2023,https://github.com/LegalDocumentProcessing/FIR_Dataset_ICDAR2023,jpg,,mixed/unknown,1,contains_pii,not_redacted,repository_MIT_verify_data_license,pending,dataset_provenance,2026-09-08,Source group: Bidhannagar South; field_annotations=yes; original_filename=Bidhannagar South PSBDN-SOUTH-0103-2017-4177__1.jpg
FIR_ICDAR_0283,FIR,FIR_Dataset_ICDAR2023,https://github.com/LegalDocumentProcessing/FIR_Dataset_ICDAR2023,jpg,,mixed/unknown,1,contains_pii,not_redacted,repository_MIT_verify_data_license,pending,dataset_provenance,2026-09-08,Source group: Bidhannagar South; field_annotations=yes; original_filename=Bidhannagar South PSBDN-SOUTH-0104-2017-1191__1.jpg
FIR_ICDAR_0284,FIR,FIR_Dataset_ICDAR2023,https://github.com/LegalDocumentProcessing/FIR_Dataset_ICDAR2023,jpg,,mixed/unknown,1,contains_pii,not_redacted,repository_MIT_verify_data_license,pending,dataset_provenance,2026-09-08,Source group: Bidhannagar South; field_annotations=yes; original_filename=Bidhannagar South PSBDN-SOUTH-0105-2017-1202__1.jpg
FIR_ICDAR_0285,FIR,FIR_Dataset_ICDAR2023,https://github.com/LegalDocumentProcessing/FIR_Dataset_ICDAR2023,jpg,,mixed/unknown,1,contains_pii,not_redacted,repository_MIT_verify_data_license,pending,dataset_provenance,2026-09-08,Source group: Bidhannagar South; field_annotations=yes; original_filename=Bidhannagar South PSBDN-SOUTH-0106-2017-1612__1.jpg
FIR_ICDAR_0286,FIR,FIR_Dataset_ICDAR2023,https://github.com/LegalDocumentProcessing/FIR_Dataset_ICDAR2023,jpg,,mixed/unknown,1,contains_pii,not_redacted,repository_MIT_verify_data_license,pending,dataset_provenance,2026-09-08,Source group: Bidhannagar South; field_annotations=yes; original_filename=Bidhannagar South PSBDN-SOUTH-0107-2017-1578__1.jpg
FIR_ICDAR_0287,FIR,FIR_Dataset_ICDAR2023,https://github.com/LegalDocumentProcessing/FIR_Dataset_ICDAR2023,jpg,,mixed/unknown,1,contains_pii,not_redacted,repository_MIT_verify_data_license,pending,dataset_provenance,2026-09-08,Source group: Bidhannagar South; field_annotations=yes; original_filename=Bidhannagar South PSBDN-SOUTH-0108-2017-1983__1.jpg
FIR_ICDAR_0288,FIR,FIR_Dataset_ICDAR2023,https://github.com/LegalDocumentProcessing/FIR_Dataset_ICDAR2023,jpg,,mixed/unknown,1,contains_pii,not_redacted,repository_MIT_verify_data_license,pending,dataset_provenance,2026-09-08,Source group: Bidhannagar South; field_annotations=yes; original_filename=Bidhannagar South PSBDN-SOUTH-0109-2017-2365__1.jpg
FIR_ICDAR_0289,FIR,FIR_Dataset_ICDAR2023,https://github.com/LegalDocumentProcessing/FIR_Dataset_ICDAR2023,jpg,,mixed/unknown,1,contains_pii,not_redacted,repository_MIT_verify_data_license,pending,dataset_provenance,2026-09-08,Source group: Bidhannagar South; field_annotations=yes; original_filename=Bidhannagar South PSBDN-SOUTH-0110-2017-3132__1.jpg
FIR_ICDAR_0290,FIR,FIR_Dataset_ICDAR2023,https://github.com/LegalDocumentProcessing/FIR_Dataset_ICDAR2023,jpg,,mixed/unknown,1,contains_pii,not_redacted,repository_MIT_verify_data_license,pending,dataset_provenance,2026-09-08,Source group: Bidhannagar South; field_annotations=yes; original_filename=Bidhannagar South PSBDN-SOUTH-0111-2017-3455__1.jpg
FIR_ICDAR_0291,FIR,FIR_Dataset_ICDAR2023,https://github.com/LegalDocumentProcessing/FIR_Dataset_ICDAR2023,jpg,,mixed/unknown,1,contains_pii,not_redacted,repository_MIT_verify_data_license,pending,dataset_provenance,2026-09-08,Source group: Bidhannagar South; field_annotations=yes; original_filename=Bidhannagar South PSBDN-SOUTH-0112-2017-4196__1.jpg
FIR_ICDAR_0292,FIR,FIR_Dataset_ICDAR2023,https://github.com/LegalDocumentProcessing/FIR_Dataset_ICDAR2023,jpg,,mixed/unknown,1,contains_pii,not_redacted,repository_MIT_verify_data_license,pending,dataset_provenance,2026-09-08,Source group: Bidhannagar South; field_annotations=yes; original_filename=Bidhannagar South PSBDN-SOUTH-0113-2017-5336__1.jpg
FIR_ICDAR_0293,FIR,FIR_Dataset_ICDAR2023,https://github.com/LegalDocumentProcessing/FIR_Dataset_ICDAR2023,jpg,,mixed/unknown,1,contains_pii,not_redacted,repository_MIT_verify_data_license,pending,dataset_provenance,2026-09-08,Source group: Bidhannagar South; field_annotations=yes; original_filename=Bidhannagar South PSBDN-SOUTH-0114-2017-5764__1.jpg
FIR_ICDAR_0294,FIR,FIR_Dataset_ICDAR2023,https://github.com/LegalDocumentProcessing/FIR_Dataset_ICDAR2023,jpg,,mixed/unknown,1,contains_pii,not_redacted,repository_MIT_verify_data_license,pending,dataset_provenance,2026-09-08,Source group: Bidhannagar South; field_annotations=yes; original_filename=Bidhannagar South PSBDN-SOUTH-0115-2017-5789__1.jpg
FIR_ICDAR_0295,FIR,FIR_Dataset_ICDAR2023,https://github.com/LegalDocumentProcessing/FIR_Dataset_ICDAR2023,jpg,,mixed/unknown,1,contains_pii,not_redacted,repository_MIT_verify_data_license,pending,dataset_provenance,2026-09-08,Source group: Bidhannagar South; field_annotations=yes; original_filename=Bidhannagar South PSBDN-SOUTH-0116-2017-5733__1.jpg
FIR_ICDAR_0296,FIR,FIR_Dataset_ICDAR2023,https://github.com/LegalDocumentProcessing/FIR_Dataset_ICDAR2023,jpg,,mixed/unknown,1,contains_pii,not_redacted,repository_MIT_verify_data_license,pending,dataset_provenance,2026-09-08,Source group: Bidhannagar South; field_annotations=yes; original_filename=Bidhannagar South PSBDN-SOUTH-0117-2017-7825__1.jpg
FIR_ICDAR_0297,FIR,FIR_Dataset_ICDAR2023,https://github.com/LegalDocumentProcessing/FIR_Dataset_ICDAR2023,jpg,,mixed/unknown,1,contains_pii,not_redacted,repository_MIT_verify_data_license,pending,dataset_provenance,2026-09-08,Source group: Bidhannagar South; field_annotations=yes; original_filename=Bidhannagar South PSBDN-SOUTH-0118-2017-8167__1.jpg
FIR_ICDAR_0298,FIR,FIR_Dataset_ICDAR2023,https://github.com/LegalDocumentProcessing/FIR_Dataset_ICDAR2023,jpg,,mixed/unknown,1,contains_pii,not_redacted,repository_MIT_verify_data_license,pending,dataset_provenance,2026-09-08,Source group: Bidhannagar South; field_annotations=yes; original_filename=Bidhannagar South PSBDN-SOUTH-0119-2017-8072__1.jpg
FIR_ICDAR_0299,FIR,FIR_Dataset_ICDAR2023,https://github.com/LegalDocumentProcessing/FIR_Dataset_ICDAR2023,jpg,,mixed/unknown,1,contains_pii,not_redacted,repository_MIT_verify_data_license,pending,dataset_provenance,2026-09-08,Source group: Bidhannagar South; field_annotations=yes; original_filename=Bidhannagar South PSBDN-SOUTH-0120-2017-8623__1.jpg
FIR_ICDAR_0300,FIR,FIR_Dataset_ICDAR2023,https://github.com/LegalDocumentProcessing/FIR_Dataset_ICDAR2023,jpg,,mixed/unknown,1,contains_pii,not_redacted,repository_MIT_verify_data_license,pending,dataset_provenance,2026-09-08,Source group: Bidhannagar South; field_annotations=yes; original_filename=Bidhannagar South PSBDN-SOUTH-0121-2017-7977__1.jpg
FIR_ICDAR_0301,FIR,FIR_Dataset_ICDAR2023,https://github.com/LegalDocumentProcessing/FIR_Dataset_ICDAR2023,jpg,,mixed/unknown,1,contains_pii,not_redacted,repository_MIT_verify_data_license,pending,dataset_provenance,2026-09-08,Source group: Bidhannagar South; field_annotations=yes; original_filename=Bidhannagar South PSBDN-SOUTH-0122-2017-2304__1.jpg
FIR_ICDAR_0302,FIR,FIR_Dataset_ICDAR2023,https://github.com/LegalDocumentProcessing/FIR_Dataset_ICDAR2023,jpg,,mixed/unknown,1,contains_pii,not_redacted,repository_MIT_verify_data_license,pending,dataset_provenance,2026-09-08,Source group: Bidhannagar South; field_annotations=yes; original_filename=Bidhannagar South PSBDN-SOUTH-0123-2017-3110__1.jpg
FIR_ICDAR_0303,FIR,FIR_Dataset_ICDAR2023,https://github.com/LegalDocumentProcessing/FIR_Dataset_ICDAR2023,jpg,,mixed/unknown,1,contains_pii,not_redacted,repository_MIT_verify_data_license,pending,dataset_provenance,2026-09-08,Source group: Bidhannagar South; field_annotations=yes; original_filename=Bidhannagar South PSBDN-SOUTH-0124-2017-3102__1.jpg
FIR_ICDAR_0304,FIR,FIR_Dataset_ICDAR2023,https://github.com/LegalDocumentProcessing/FIR_Dataset_ICDAR2023,jpg,,mixed/unknown,1,contains_pii,not_redacted,repository_MIT_verify_data_license,pending,dataset_provenance,2026-09-08,Source group: Bidhannagar South; field_annotations=yes; original_filename=Bidhannagar South PSBDN-SOUTH-0125-2017-3484__1.jpg
FIR_ICDAR_0305,FIR,FIR_Dataset_ICDAR2023,https://github.com/LegalDocumentProcessing/FIR_Dataset_ICDAR2023,jpg,,mixed/unknown,1,contains_pii,not_redacted,repository_MIT_verify_data_license,pending,dataset_provenance,2026-09-08,Source group: Bidhannagar South; field_annotations=yes; original_filename=Bidhannagar South PSBDN-SOUTH-0126-2017-4666__1.jpg
FIR_ICDAR_0306,FIR,FIR_Dataset_ICDAR2023,https://github.com/LegalDocumentProcessing/FIR_Dataset_ICDAR2023,jpg,,mixed/unknown,1,contains_pii,not_redacted,repository_MIT_verify_data_license,pending,dataset_provenance,2026-09-08,Source group: Bidhannagar South; field_annotations=yes; original_filename=Bidhannagar South PSBDN-SOUTH-0127-2017-5323__1.jpg
FIR_ICDAR_0307,FIR,FIR_Dataset_ICDAR2023,https://github.com/LegalDocumentProcessing/FIR_Dataset_ICDAR2023,jpg,,mixed/unknown,1,contains_pii,not_redacted,repository_MIT_verify_data_license,pending,dataset_provenance,2026-09-08,Source group: Bidhannagar South; field_annotations=yes; original_filename=Bidhannagar South PSBDN-SOUTH-0128-2017-5391__1.jpg
FIR_ICDAR_0308,FIR,FIR_Dataset_ICDAR2023,https://github.com/LegalDocumentProcessing/FIR_Dataset_ICDAR2023,jpg,,mixed/unknown,1,contains_pii,not_redacted,repository_MIT_verify_data_license,pending,dataset_provenance,2026-09-08,Source group: Bidhannagar South; field_annotations=yes; original_filename=Bidhannagar South PSBDN-SOUTH-0129-2017-5754__1.jpg
FIR_ICDAR_0309,FIR,FIR_Dataset_ICDAR2023,https://github.com/LegalDocumentProcessing/FIR_Dataset_ICDAR2023,jpg,,mixed/unknown,1,contains_pii,not_redacted,repository_MIT_verify_data_license,pending,dataset_provenance,2026-09-08,Source group: Bidhannagar South; field_annotations=yes; original_filename=Bidhannagar South PSBDN-SOUTH-0130-2017-5777__1.jpg
FIR_ICDAR_0310,FIR,FIR_Dataset_ICDAR2023,https://github.com/LegalDocumentProcessing/FIR_Dataset_ICDAR2023,jpg,,mixed/unknown,1,contains_pii,not_redacted,repository_MIT_verify_data_license,pending,dataset_provenance,2026-09-08,Source group: Bidhannagar South; field_annotations=yes; original_filename=Bidhannagar South PSBDN-SOUTH-0131-2017-5735__1.jpg
FIR_ICDAR_0311,FIR,FIR_Dataset_ICDAR2023,https://github.com/LegalDocumentProcessing/FIR_Dataset_ICDAR2023,jpg,,mixed/unknown,1,contains_pii,not_redacted,repository_MIT_verify_data_license,pending,dataset_provenance,2026-09-08,Source group: Bidhannagar South; field_annotations=yes; original_filename=Bidhannagar South PSBDN-SOUTH-0132-2017-6666__1.jpg
FIR_ICDAR_0312,FIR,FIR_Dataset_ICDAR2023,https://github.com/LegalDocumentProcessing/FIR_Dataset_ICDAR2023,jpg,,mixed/unknown,1,contains_pii,not_redacted,repository_MIT_verify_data_license,pending,dataset_provenance,2026-09-08,Source group: Bidhannagar South; field_annotations=yes; original_filename=Bidhannagar South PSBDN-SOUTH-0133-2017-1056__1.jpg
FIR_ICDAR_0313,FIR,FIR_Dataset_ICDAR2023,https://github.com/LegalDocumentProcessing/FIR_Dataset_ICDAR2023,jpg,,mixed/unknown,1,contains_pii,not_redacted,repository_MIT_verify_data_license,pending,dataset_provenance,2026-09-08,Source group: Bidhannagar South; field_annotations=yes; original_filename=Bidhannagar South PSBDN-SOUTH-0134-2017-9877__1.jpg
FIR_ICDAR_0314,FIR,FIR_Dataset_ICDAR2023,https://github.com/LegalDocumentProcessing/FIR_Dataset_ICDAR2023,jpg,,mixed/unknown,1,contains_pii,not_redacted,repository_MIT_verify_data_license,pending,dataset_provenance,2026-09-08,Source group: Bidhannagar South; field_annotations=yes; original_filename=Bidhannagar South PSBDN-SOUTH-0135-2017-2524__1.jpg
FIR_ICDAR_0315,FIR,FIR_Dataset_ICDAR2023,https://github.com/LegalDocumentProcessing/FIR_Dataset_ICDAR2023,jpg,,mixed/unknown,1,contains_pii,not_redacted,repository_MIT_verify_data_license,pending,dataset_provenance,2026-09-08,Source group: Bidhannagar South; field_annotations=yes; original_filename=Bidhannagar South PSBDN-SOUTH-0136-2017-2553__1.jpg
FIR_ICDAR_0316,FIR,FIR_Dataset_ICDAR2023,https://github.com/LegalDocumentProcessing/FIR_Dataset_ICDAR2023,jpg,,mixed/unknown,1,contains_pii,not_redacted,repository_MIT_verify_data_license,pending,dataset_provenance,2026-09-08,Source group: Bidhannagar South; field_annotations=yes; original_filename=Bidhannagar South PSBDN-SOUTH-0137-2017-2921__1.jpg
FIR_ICDAR_0317,FIR,FIR_Dataset_ICDAR2023,https://github.com/LegalDocumentProcessing/FIR_Dataset_ICDAR2023,jpg,,mixed/unknown,1,contains_pii,not_redacted,repository_MIT_verify_data_license,pending,dataset_provenance,2026-09-08,Source group: Bidhannagar South; field_annotations=yes; original_filename=Bidhannagar South PSBDN-SOUTH-0138-2017-3231__1.jpg
FIR_ICDAR_0318,FIR,FIR_Dataset_ICDAR2023,https://github.com/LegalDocumentProcessing/FIR_Dataset_ICDAR2023,jpg,,mixed/unknown,1,contains_pii,not_redacted,repository_MIT_verify_data_license,pending,dataset_provenance,2026-09-08,Source group: Bidhannagar South; field_annotations=yes; original_filename=Bidhannagar South PSBDN-SOUTH-0139-2017-3674__1.jpg
FIR_ICDAR_0319,FIR,FIR_Dataset_ICDAR2023,https://github.com/LegalDocumentProcessing/FIR_Dataset_ICDAR2023,jpg,,mixed/unknown,1,contains_pii,not_redacted,repository_MIT_verify_data_license,pending,dataset_provenance,2026-09-08,Source group: Bidhannagar South; field_annotations=yes; original_filename=Bidhannagar South PSBDN-SOUTH-0140-2017-3704__1.jpg
FIR_ICDAR_0320,FIR,FIR_Dataset_ICDAR2023,https://github.com/LegalDocumentProcessing/FIR_Dataset_ICDAR2023,jpg,,mixed/unknown,1,contains_pii,not_redacted,repository_MIT_verify_data_license,pending,dataset_provenance,2026-09-08,Source group: Bidhannagar South; field_annotations=yes; original_filename=Bidhannagar South PSBDN-SOUTH-0141-2017-4466__1.jpg
FIR_ICDAR_0321,FIR,FIR_Dataset_ICDAR2023,https://github.com/LegalDocumentProcessing/FIR_Dataset_ICDAR2023,jpg,,mixed/unknown,1,contains_pii,not_redacted,repository_MIT_verify_data_license,pending,dataset_provenance,2026-09-08,Source group: Bidhannagar South; field_annotations=yes; original_filename=Bidhannagar South PSBDN-SOUTH-0142-2017-4460__1.jpg
FIR_ICDAR_0322,FIR,FIR_Dataset_ICDAR2023,https://github.com/LegalDocumentProcessing/FIR_Dataset_ICDAR2023,jpg,,mixed/unknown,1,contains_pii,not_redacted,repository_MIT_verify_data_license,pending,dataset_provenance,2026-09-08,Source group: Bidhannagar South; field_annotations=yes; original_filename=Bidhannagar South PSBDN-SOUTH-0143-2017-4823__1.jpg
FIR_ICDAR_0323,FIR,FIR_Dataset_ICDAR2023,https://github.com/LegalDocumentProcessing/FIR_Dataset_ICDAR2023,jpg,,mixed/unknown,1,contains_pii,not_redacted,repository_MIT_verify_data_license,pending,dataset_provenance,2026-09-08,Source group: Bidhannagar South; field_annotations=yes; original_filename=Bidhannagar South PSBDN-SOUTH-0144-2017-4861__1.jpg
FIR_ICDAR_0324,FIR,FIR_Dataset_ICDAR2023,https://github.com/LegalDocumentProcessing/FIR_Dataset_ICDAR2023,jpg,,mixed/unknown,1,contains_pii,not_redacted,repository_MIT_verify_data_license,pending,dataset_provenance,2026-09-08,Source group: Bidhannagar South; field_annotations=yes; original_filename=Bidhannagar South PSBDN-SOUTH-0145-2017-4859__1.jpg
FIR_ICDAR_0325,FIR,FIR_Dataset_ICDAR2023,https://github.com/LegalDocumentProcessing/FIR_Dataset_ICDAR2023,jpg,,mixed/unknown,1,contains_pii,not_redacted,repository_MIT_verify_data_license,pending,dataset_provenance,2026-09-08,Source group: Bidhannagar South; field_annotations=yes; original_filename=Bidhannagar South PSBDN-SOUTH-0146-2017-7844__1.jpg
FIR_ICDAR_0326,FIR,FIR_Dataset_ICDAR2023,https://github.com/LegalDocumentProcessing/FIR_Dataset_ICDAR2023,jpg,,mixed/unknown,1,contains_pii,not_redacted,repository_MIT_verify_data_license,pending,dataset_provenance,2026-09-08,Source group: Bidhannagar South; field_annotations=yes; original_filename=Bidhannagar South PSBDN-SOUTH-0147-2017-7787__1.jpg
FIR_ICDAR_0327,FIR,FIR_Dataset_ICDAR2023,https://github.com/LegalDocumentProcessing/FIR_Dataset_ICDAR2023,jpg,,mixed/unknown,1,contains_pii,not_redacted,repository_MIT_verify_data_license,pending,dataset_provenance,2026-09-08,Source group: Bidhannagar South; field_annotations=yes; original_filename=Bidhannagar South PSBDN-SOUTH-0148-2017-1164__1.jpg
FIR_ICDAR_0328,FIR,FIR_Dataset_ICDAR2023,https://github.com/LegalDocumentProcessing/FIR_Dataset_ICDAR2023,jpg,,mixed/unknown,1,contains_pii,not_redacted,repository_MIT_verify_data_license,pending,dataset_provenance,2026-09-08,Source group: Bidhannagar South; field_annotations=yes; original_filename=Bidhannagar South PSBDN-SOUTH-0149-2017-1181__1.jpg
FIR_ICDAR_0329,FIR,FIR_Dataset_ICDAR2023,https://github.com/LegalDocumentProcessing/FIR_Dataset_ICDAR2023,jpg,,mixed/unknown,1,contains_pii,not_redacted,repository_MIT_verify_data_license,pending,dataset_provenance,2026-09-08,Source group: Bidhannagar South; field_annotations=yes; original_filename=Bidhannagar South PSBDN-SOUTH-0150-2017-1924__1.jpg
FIR_ICDAR_0330,FIR,FIR_Dataset_ICDAR2023,https://github.com/LegalDocumentProcessing/FIR_Dataset_ICDAR2023,jpg,,mixed/unknown,1,contains_pii,not_redacted,repository_MIT_verify_data_license,pending,dataset_provenance,2026-09-08,Source group: Cyber-Crime; field_annotations=yes; original_filename=Cyber-Crime PS40-20__1.jpg
FIR_ICDAR_0331,FIR,FIR_Dataset_ICDAR2023,https://github.com/LegalDocumentProcessing/FIR_Dataset_ICDAR2023,jpg,,mixed/unknown,1,contains_pii,not_redacted,repository_MIT_verify_data_license,pending,dataset_provenance,2026-09-08,Source group: Cyber-Crime; field_annotations=yes; original_filename=Cyber-Crime PS41-20__1.jpg
FIR_ICDAR_0332,FIR,FIR_Dataset_ICDAR2023,https://github.com/LegalDocumentProcessing/FIR_Dataset_ICDAR2023,jpg,,mixed/unknown,1,contains_pii,not_redacted,repository_MIT_verify_data_license,pending,dataset_provenance,2026-09-08,Source group: Cyber-Crime; field_annotations=yes; original_filename=Cyber-Crime PS42-20__1.jpg
FIR_ICDAR_0333,FIR,FIR_Dataset_ICDAR2023,https://github.com/LegalDocumentProcessing/FIR_Dataset_ICDAR2023,jpg,,mixed/unknown,1,contains_pii,not_redacted,repository_MIT_verify_data_license,pending,dataset_provenance,2026-09-08,Source group: Cyber-Crime; field_annotations=yes; original_filename=Cyber-Crime PS43-20__1.jpg
FIR_ICDAR_0334,FIR,FIR_Dataset_ICDAR2023,https://github.com/LegalDocumentProcessing/FIR_Dataset_ICDAR2023,jpg,,mixed/unknown,1,contains_pii,not_redacted,repository_MIT_verify_data_license,pending,dataset_provenance,2026-09-08,Source group: Cyber-Crime; field_annotations=yes; original_filename=Cyber-Crime PS44-20__1.jpg
FIR_ICDAR_0335,FIR,FIR_Dataset_ICDAR2023,https://github.com/LegalDocumentProcessing/FIR_Dataset_ICDAR2023,jpg,,mixed/unknown,1,contains_pii,not_redacted,repository_MIT_verify_data_license,pending,dataset_provenance,2026-09-08,Source group: Cyber-Crime; field_annotations=yes; original_filename=Cyber-Crime PS45-20__1.jpg
FIR_ICDAR_0336,FIR,FIR_Dataset_ICDAR2023,https://github.com/LegalDocumentProcessing/FIR_Dataset_ICDAR2023,jpg,,mixed/unknown,1,contains_pii,not_redacted,repository_MIT_verify_data_license,pending,dataset_provenance,2026-09-08,Source group: Cyber-Crime; field_annotations=yes; original_filename=Cyber-Crime PS46-20__1.jpg
FIR_ICDAR_0337,FIR,FIR_Dataset_ICDAR2023,https://github.com/LegalDocumentProcessing/FIR_Dataset_ICDAR2023,jpg,,mixed/unknown,1,contains_pii,not_redacted,repository_MIT_verify_data_license,pending,dataset_provenance,2026-09-08,Source group: Cyber-Crime; field_annotations=yes; original_filename=Cyber-Crime PS47-20__1.jpg
FIR_ICDAR_0338,FIR,FIR_Dataset_ICDAR2023,https://github.com/LegalDocumentProcessing/FIR_Dataset_ICDAR2023,jpg,,mixed/unknown,1,contains_pii,not_redacted,repository_MIT_verify_data_license,pending,dataset_provenance,2026-09-08,Source group: Cyber-Crime; field_annotations=yes; original_filename=Cyber-Crime PS48-20__1.jpg
FIR_ICDAR_0339,FIR,FIR_Dataset_ICDAR2023,https://github.com/LegalDocumentProcessing/FIR_Dataset_ICDAR2023,jpg,,mixed/unknown,1,contains_pii,not_redacted,repository_MIT_verify_data_license,pending,dataset_provenance,2026-09-08,Source group: Cyber-Crime; field_annotations=yes; original_filename=Cyber-Crime PS49-2020__1.jpg
FIR_ICDAR_0340,FIR,FIR_Dataset_ICDAR2023,https://github.com/LegalDocumentProcessing/FIR_Dataset_ICDAR2023,jpg,,mixed/unknown,1,contains_pii,not_redacted,repository_MIT_verify_data_license,pending,dataset_provenance,2026-09-08,Source group: Cyber-Crime; field_annotations=yes; original_filename=Cyber-Crime PS50-2020__1.jpg
FIR_ICDAR_0341,FIR,FIR_Dataset_ICDAR2023,https://github.com/LegalDocumentProcessing/FIR_Dataset_ICDAR2023,jpg,,mixed/unknown,1,contains_pii,not_redacted,repository_MIT_verify_data_license,pending,dataset_provenance,2026-09-08,Source group: Cyber-Crime; field_annotations=yes; original_filename=Cyber-Crime PS51-21__1.jpg
FIR_ICDAR_0342,FIR,FIR_Dataset_ICDAR2023,https://github.com/LegalDocumentProcessing/FIR_Dataset_ICDAR2023,jpg,,mixed/unknown,1,contains_pii,not_redacted,repository_MIT_verify_data_license,pending,dataset_provenance,2026-09-08,Source group: Cyber-Crime; field_annotations=yes; original_filename=Cyber-Crime PS52-21__1.jpg
FIR_ICDAR_0343,FIR,FIR_Dataset_ICDAR2023,https://github.com/LegalDocumentProcessing/FIR_Dataset_ICDAR2023,jpg,,mixed/unknown,1,contains_pii,not_redacted,repository_MIT_verify_data_license,pending,dataset_provenance,2026-09-08,Source group: Cyber-Crime; field_annotations=yes; original_filename=Cyber-Crime PS52__1.jpg
FIR_ICDAR_0344,FIR,FIR_Dataset_ICDAR2023,https://github.com/LegalDocumentProcessing/FIR_Dataset_ICDAR2023,jpg,,mixed/unknown,1,contains_pii,not_redacted,repository_MIT_verify_data_license,pending,dataset_provenance,2026-09-08,Source group: Cyber-Crime; field_annotations=yes; original_filename=Cyber-Crime PS53-21__1.jpg
FIR_ICDAR_0345,FIR,FIR_Dataset_ICDAR2023,https://github.com/LegalDocumentProcessing/FIR_Dataset_ICDAR2023,jpg,,mixed/unknown,1,contains_pii,not_redacted,repository_MIT_verify_data_license,pending,dataset_provenance,2026-09-08,Source group: Cyber-Crime; field_annotations=yes; original_filename=Cyber-Crime PS54-21__1.jpg
FIR_ICDAR_0346,FIR,FIR_Dataset_ICDAR2023,https://github.com/LegalDocumentProcessing/FIR_Dataset_ICDAR2023,jpg,,mixed/unknown,1,contains_pii,not_redacted,repository_MIT_verify_data_license,pending,dataset_provenance,2026-09-08,Source group: Cyber-Crime; field_annotations=yes; original_filename=Cyber-Crime PS55-21__1.jpg
FIR_ICDAR_0347,FIR,FIR_Dataset_ICDAR2023,https://github.com/LegalDocumentProcessing/FIR_Dataset_ICDAR2023,jpg,,mixed/unknown,1,contains_pii,not_redacted,repository_MIT_verify_data_license,pending,dataset_provenance,2026-09-08,Source group: Cyber-Crime; field_annotations=yes; original_filename=Cyber-Crime PS56-21__1.jpg
FIR_ICDAR_0348,FIR,FIR_Dataset_ICDAR2023,https://github.com/LegalDocumentProcessing/FIR_Dataset_ICDAR2023,jpg,,mixed/unknown,1,contains_pii,not_redacted,repository_MIT_verify_data_license,pending,dataset_provenance,2026-09-08,Source group: Cyber-Crime; field_annotations=yes; original_filename=Cyber-Crime PS56__1.jpg
FIR_ICDAR_0349,FIR,FIR_Dataset_ICDAR2023,https://github.com/LegalDocumentProcessing/FIR_Dataset_ICDAR2023,jpg,,mixed/unknown,1,contains_pii,not_redacted,repository_MIT_verify_data_license,pending,dataset_provenance,2026-09-08,Source group: Cyber-Crime; field_annotations=yes; original_filename=Cyber-Crime PS57-21__1.jpg
FIR_ICDAR_0350,FIR,FIR_Dataset_ICDAR2023,https://github.com/LegalDocumentProcessing/FIR_Dataset_ICDAR2023,jpg,,mixed/unknown,1,contains_pii,not_redacted,repository_MIT_verify_data_license,pending,dataset_provenance,2026-09-08,Source group: Cyber-Crime; field_annotations=yes; original_filename=Cyber-Crime PS58-21__1.jpg
FIR_ICDAR_0351,FIR,FIR_Dataset_ICDAR2023,https://github.com/LegalDocumentProcessing/FIR_Dataset_ICDAR2023,jpg,,mixed/unknown,1,contains_pii,not_redacted,repository_MIT_verify_data_license,pending,dataset_provenance,2026-09-08,Source group: Cyber-Crime; field_annotations=yes; original_filename=Cyber-Crime PS59-21__1.jpg
FIR_ICDAR_0352,FIR,FIR_Dataset_ICDAR2023,https://github.com/LegalDocumentProcessing/FIR_Dataset_ICDAR2023,jpg,,mixed/unknown,1,contains_pii,not_redacted,repository_MIT_verify_data_license,pending,dataset_provenance,2026-09-08,Source group: Cyber-Crime; field_annotations=yes; original_filename=Cyber-Crime PS60-21__1.jpg
FIR_ICDAR_0353,FIR,FIR_Dataset_ICDAR2023,https://github.com/LegalDocumentProcessing/FIR_Dataset_ICDAR2023,jpg,,mixed/unknown,1,contains_pii,not_redacted,repository_MIT_verify_data_license,pending,dataset_provenance,2026-09-08,Source group: Cyber-Crime; field_annotations=yes; original_filename=Cyber-Crime PS61-21__1.jpg
FIR_ICDAR_0354,FIR,FIR_Dataset_ICDAR2023,https://github.com/LegalDocumentProcessing/FIR_Dataset_ICDAR2023,jpg,,mixed/unknown,1,contains_pii,not_redacted,repository_MIT_verify_data_license,pending,dataset_provenance,2026-09-08,Source group: Cyber-Crime; field_annotations=yes; original_filename=Cyber-Crime PS63-21__1.jpg
FIR_ICDAR_0355,FIR,FIR_Dataset_ICDAR2023,https://github.com/LegalDocumentProcessing/FIR_Dataset_ICDAR2023,jpg,,mixed/unknown,1,contains_pii,not_redacted,repository_MIT_verify_data_license,pending,dataset_provenance,2026-09-08,Source group: Cyber-Crime; field_annotations=yes; original_filename=Cyber-Crime PS63__1.jpg
FIR_ICDAR_0356,FIR,FIR_Dataset_ICDAR2023,https://github.com/LegalDocumentProcessing/FIR_Dataset_ICDAR2023,jpg,,mixed/unknown,1,contains_pii,not_redacted,repository_MIT_verify_data_license,pending,dataset_provenance,2026-09-08,Source group: Cyber-Crime; field_annotations=yes; original_filename=Cyber-Crime PS64%202020__1.jpg
FIR_ICDAR_0357,FIR,FIR_Dataset_ICDAR2023,https://github.com/LegalDocumentProcessing/FIR_Dataset_ICDAR2023,jpg,,mixed/unknown,1,contains_pii,not_redacted,repository_MIT_verify_data_license,pending,dataset_provenance,2026-09-08,Source group: Cyber-Crime; field_annotations=yes; original_filename=Cyber-Crime PS64-21__1.jpg
FIR_ICDAR_0358,FIR,FIR_Dataset_ICDAR2023,https://github.com/LegalDocumentProcessing/FIR_Dataset_ICDAR2023,jpg,,mixed/unknown,1,contains_pii,not_redacted,repository_MIT_verify_data_license,pending,dataset_provenance,2026-09-08,Source group: Cyber-Crime; field_annotations=yes; original_filename=Cyber-Crime PS64__1.jpg
FIR_ICDAR_0359,FIR,FIR_Dataset_ICDAR2023,https://github.com/LegalDocumentProcessing/FIR_Dataset_ICDAR2023,jpg,,mixed/unknown,1,contains_pii,not_redacted,repository_MIT_verify_data_license,pending,dataset_provenance,2026-09-08,Source group: ECO PARK; field_annotations=yes; original_filename=ECO PARK PS01__1.jpg
FIR_ICDAR_0360,FIR,FIR_Dataset_ICDAR2023,https://github.com/LegalDocumentProcessing/FIR_Dataset_ICDAR2023,jpg,,mixed/unknown,1,contains_pii,not_redacted,repository_MIT_verify_data_license,pending,dataset_provenance,2026-09-08,Source group: ECO PARK; field_annotations=yes; original_filename=ECO PARK PS02__1.jpg
FIR_ICDAR_0361,FIR,FIR_Dataset_ICDAR2023,https://github.com/LegalDocumentProcessing/FIR_Dataset_ICDAR2023,jpg,,mixed/unknown,1,contains_pii,not_redacted,repository_MIT_verify_data_license,pending,dataset_provenance,2026-09-08,Source group: ECO PARK; field_annotations=yes; original_filename=ECO PARK PS03__1.jpg
FIR_ICDAR_0362,FIR,FIR_Dataset_ICDAR2023,https://github.com/LegalDocumentProcessing/FIR_Dataset_ICDAR2023,jpg,,mixed/unknown,1,contains_pii,not_redacted,repository_MIT_verify_data_license,pending,dataset_provenance,2026-09-08,Source group: ECO PARK; field_annotations=yes; original_filename=ECO PARK PS04__1.jpg
FIR_ICDAR_0363,FIR,FIR_Dataset_ICDAR2023,https://github.com/LegalDocumentProcessing/FIR_Dataset_ICDAR2023,jpg,,mixed/unknown,1,contains_pii,not_redacted,repository_MIT_verify_data_license,pending,dataset_provenance,2026-09-08,Source group: ECO PARK; field_annotations=yes; original_filename=ECO PARK PS05__1.jpg
FIR_ICDAR_0364,FIR,FIR_Dataset_ICDAR2023,https://github.com/LegalDocumentProcessing/FIR_Dataset_ICDAR2023,jpg,,mixed/unknown,1,contains_pii,not_redacted,repository_MIT_verify_data_license,pending,dataset_provenance,2026-09-08,Source group: ECO PARK; field_annotations=yes; original_filename=ECO PARK PS06__1.jpg
FIR_ICDAR_0365,FIR,FIR_Dataset_ICDAR2023,https://github.com/LegalDocumentProcessing/FIR_Dataset_ICDAR2023,jpg,,mixed/unknown,1,contains_pii,not_redacted,repository_MIT_verify_data_license,pending,dataset_provenance,2026-09-08,Source group: ECO PARK; field_annotations=yes; original_filename=ECO PARK PS09__1.jpg
FIR_ICDAR_0366,FIR,FIR_Dataset_ICDAR2023,https://github.com/LegalDocumentProcessing/FIR_Dataset_ICDAR2023,jpg,,mixed/unknown,1,contains_pii,not_redacted,repository_MIT_verify_data_license,pending,dataset_provenance,2026-09-08,Source group: ECO PARK; field_annotations=yes; original_filename=ECO PARK PS10__1.jpg
FIR_ICDAR_0367,FIR,FIR_Dataset_ICDAR2023,https://github.com/LegalDocumentProcessing/FIR_Dataset_ICDAR2023,jpg,,mixed/unknown,1,contains_pii,not_redacted,repository_MIT_verify_data_license,pending,dataset_provenance,2026-09-08,Source group: ECO PARK; field_annotations=yes; original_filename=ECO PARK PS11__1.jpg
FIR_ICDAR_0368,FIR,FIR_Dataset_ICDAR2023,https://github.com/LegalDocumentProcessing/FIR_Dataset_ICDAR2023,jpg,,mixed/unknown,1,contains_pii,not_redacted,repository_MIT_verify_data_license,pending,dataset_provenance,2026-09-08,Source group: ECO PARK; field_annotations=yes; original_filename=ECO PARK PS12__1.jpg
FIR_ICDAR_0369,FIR,FIR_Dataset_ICDAR2023,https://github.com/LegalDocumentProcessing/FIR_Dataset_ICDAR2023,jpg,,mixed/unknown,1,contains_pii,not_redacted,repository_MIT_verify_data_license,pending,dataset_provenance,2026-09-08,Source group: ECO PARK; field_annotations=yes; original_filename=ECO PARK PS13__1.jpg
FIR_ICDAR_0370,FIR,FIR_Dataset_ICDAR2023,https://github.com/LegalDocumentProcessing/FIR_Dataset_ICDAR2023,jpg,,mixed/unknown,1,contains_pii,not_redacted,repository_MIT_verify_data_license,pending,dataset_provenance,2026-09-08,Source group: ECO PARK; field_annotations=yes; original_filename=ECO PARK PS14__1.jpg
FIR_ICDAR_0371,FIR,FIR_Dataset_ICDAR2023,https://github.com/LegalDocumentProcessing/FIR_Dataset_ICDAR2023,jpg,,mixed/unknown,1,contains_pii,not_redacted,repository_MIT_verify_data_license,pending,dataset_provenance,2026-09-08,Source group: ECO PARK; field_annotations=yes; original_filename=ECO PARK PS15__1.jpg
FIR_ICDAR_0372,FIR,FIR_Dataset_ICDAR2023,https://github.com/LegalDocumentProcessing/FIR_Dataset_ICDAR2023,jpg,,mixed/unknown,1,contains_pii,not_redacted,repository_MIT_verify_data_license,pending,dataset_provenance,2026-09-08,Source group: ECO PARK; field_annotations=yes; original_filename=ECO PARK PS16__1.jpg
FIR_ICDAR_0373,FIR,FIR_Dataset_ICDAR2023,https://github.com/LegalDocumentProcessing/FIR_Dataset_ICDAR2023,jpg,,mixed/unknown,1,contains_pii,not_redacted,repository_MIT_verify_data_license,pending,dataset_provenance,2026-09-08,Source group: ECO PARK; field_annotations=yes; original_filename=ECO PARK PS17%20(2)__1.jpg
FIR_ICDAR_0374,FIR,FIR_Dataset_ICDAR2023,https://github.com/LegalDocumentProcessing/FIR_Dataset_ICDAR2023,jpg,,mixed/unknown,1,contains_pii,not_redacted,repository_MIT_verify_data_license,pending,dataset_provenance,2026-09-08,Source group: ECO PARK; field_annotations=yes; original_filename=ECO PARK PS17__1.jpg
FIR_ICDAR_0375,FIR,FIR_Dataset_ICDAR2023,https://github.com/LegalDocumentProcessing/FIR_Dataset_ICDAR2023,jpg,,mixed/unknown,1,contains_pii,not_redacted,repository_MIT_verify_data_license,pending,dataset_provenance,2026-09-08,Source group: ECO PARK; field_annotations=yes; original_filename=ECO PARK PS18__1.jpg
FIR_ICDAR_0376,FIR,FIR_Dataset_ICDAR2023,https://github.com/LegalDocumentProcessing/FIR_Dataset_ICDAR2023,jpg,,mixed/unknown,1,contains_pii,not_redacted,repository_MIT_verify_data_license,pending,dataset_provenance,2026-09-08,Source group: ECO PARK; field_annotations=yes; original_filename=ECO PARK PS19__1.jpg
FIR_ICDAR_0377,FIR,FIR_Dataset_ICDAR2023,https://github.com/LegalDocumentProcessing/FIR_Dataset_ICDAR2023,jpg,,mixed/unknown,1,contains_pii,not_redacted,repository_MIT_verify_data_license,pending,dataset_provenance,2026-09-08,Source group: ECO PARK; field_annotations=yes; original_filename=ECO PARK PS1__1.jpg
FIR_ICDAR_0378,FIR,FIR_Dataset_ICDAR2023,https://github.com/LegalDocumentProcessing/FIR_Dataset_ICDAR2023,jpg,,mixed/unknown,1,contains_pii,not_redacted,repository_MIT_verify_data_license,pending,dataset_provenance,2026-09-08,Source group: ECO PARK; field_annotations=yes; original_filename=ECO PARK PS20__1.jpg
FIR_ICDAR_0379,FIR,FIR_Dataset_ICDAR2023,https://github.com/LegalDocumentProcessing/FIR_Dataset_ICDAR2023,jpg,,mixed/unknown,1,contains_pii,not_redacted,repository_MIT_verify_data_license,pending,dataset_provenance,2026-09-08,Source group: ECO PARK; field_annotations=yes; original_filename=ECO PARK PS21__1.jpg
FIR_ICDAR_0380,FIR,FIR_Dataset_ICDAR2023,https://github.com/LegalDocumentProcessing/FIR_Dataset_ICDAR2023,jpg,,mixed/unknown,1,contains_pii,not_redacted,repository_MIT_verify_data_license,pending,dataset_provenance,2026-09-08,Source group: ECO PARK; field_annotations=yes; original_filename=ECO PARK PS22__1.jpg
FIR_ICDAR_0381,FIR,FIR_Dataset_ICDAR2023,https://github.com/LegalDocumentProcessing/FIR_Dataset_ICDAR2023,jpg,,mixed/unknown,1,contains_pii,not_redacted,repository_MIT_verify_data_license,pending,dataset_provenance,2026-09-08,Source group: ECO PARK; field_annotations=yes; original_filename=ECO PARK PS23__1.jpg
FIR_ICDAR_0382,FIR,FIR_Dataset_ICDAR2023,https://github.com/LegalDocumentProcessing/FIR_Dataset_ICDAR2023,jpg,,mixed/unknown,1,contains_pii,not_redacted,repository_MIT_verify_data_license,pending,dataset_provenance,2026-09-08,Source group: ECO PARK; field_annotations=yes; original_filename=ECO PARK PS24__1.jpg
FIR_ICDAR_0383,FIR,FIR_Dataset_ICDAR2023,https://github.com/LegalDocumentProcessing/FIR_Dataset_ICDAR2023,jpg,,mixed/unknown,1,contains_pii,not_redacted,repository_MIT_verify_data_license,pending,dataset_provenance,2026-09-08,Source group: ECO PARK; field_annotations=yes; original_filename=ECO PARK PS25__1.jpg
FIR_ICDAR_0384,FIR,FIR_Dataset_ICDAR2023,https://github.com/LegalDocumentProcessing/FIR_Dataset_ICDAR2023,jpg,,mixed/unknown,1,contains_pii,not_redacted,repository_MIT_verify_data_license,pending,dataset_provenance,2026-09-08,Source group: ECO PARK; field_annotations=yes; original_filename=ECO PARK PS26__1.jpg
FIR_ICDAR_0385,FIR,FIR_Dataset_ICDAR2023,https://github.com/LegalDocumentProcessing/FIR_Dataset_ICDAR2023,jpg,,mixed/unknown,1,contains_pii,not_redacted,repository_MIT_verify_data_license,pending,dataset_provenance,2026-09-08,Source group: ECO PARK; field_annotations=yes; original_filename=ECO PARK PS27__1.jpg
FIR_ICDAR_0386,FIR,FIR_Dataset_ICDAR2023,https://github.com/LegalDocumentProcessing/FIR_Dataset_ICDAR2023,jpg,,mixed/unknown,1,contains_pii,not_redacted,repository_MIT_verify_data_license,pending,dataset_provenance,2026-09-08,Source group: ECO PARK; field_annotations=yes; original_filename=ECO PARK PS28__1.jpg
FIR_ICDAR_0387,FIR,FIR_Dataset_ICDAR2023,https://github.com/LegalDocumentProcessing/FIR_Dataset_ICDAR2023,jpg,,mixed/unknown,1,contains_pii,not_redacted,repository_MIT_verify_data_license,pending,dataset_provenance,2026-09-08,Source group: ECO PARK; field_annotations=yes; original_filename=ECO PARK PS29__1.jpg
FIR_ICDAR_0388,FIR,FIR_Dataset_ICDAR2023,https://github.com/LegalDocumentProcessing/FIR_Dataset_ICDAR2023,jpg,,mixed/unknown,1,contains_pii,not_redacted,repository_MIT_verify_data_license,pending,dataset_provenance,2026-09-08,Source group: ECO PARK; field_annotations=yes; original_filename=ECO PARK PS2__1.jpg
FIR_ICDAR_0389,FIR,FIR_Dataset_ICDAR2023,https://github.com/LegalDocumentProcessing/FIR_Dataset_ICDAR2023,jpg,,mixed/unknown,1,contains_pii,not_redacted,repository_MIT_verify_data_license,pending,dataset_provenance,2026-09-08,Source group: ECO PARK; field_annotations=yes; original_filename=ECO PARK PS30__1.jpg
FIR_ICDAR_0390,FIR,FIR_Dataset_ICDAR2023,https://github.com/LegalDocumentProcessing/FIR_Dataset_ICDAR2023,jpg,,mixed/unknown,1,contains_pii,not_redacted,repository_MIT_verify_data_license,pending,dataset_provenance,2026-09-08,Source group: ECO PARK; field_annotations=yes; original_filename=ECO PARK PS31__1.jpg
FIR_ICDAR_0391,FIR,FIR_Dataset_ICDAR2023,https://github.com/LegalDocumentProcessing/FIR_Dataset_ICDAR2023,jpg,,mixed/unknown,1,contains_pii,not_redacted,repository_MIT_verify_data_license,pending,dataset_provenance,2026-09-08,Source group: ECO PARK; field_annotations=yes; original_filename=ECO PARK PS32__1.jpg
FIR_ICDAR_0392,FIR,FIR_Dataset_ICDAR2023,https://github.com/LegalDocumentProcessing/FIR_Dataset_ICDAR2023,jpg,,mixed/unknown,1,contains_pii,not_redacted,repository_MIT_verify_data_license,pending,dataset_provenance,2026-09-08,Source group: ECO PARK; field_annotations=yes; original_filename=ECO PARK PS33__1.jpg
FIR_ICDAR_0393,FIR,FIR_Dataset_ICDAR2023,https://github.com/LegalDocumentProcessing/FIR_Dataset_ICDAR2023,jpg,,mixed/unknown,1,contains_pii,not_redacted,repository_MIT_verify_data_license,pending,dataset_provenance,2026-09-08,Source group: ECO PARK; field_annotations=yes; original_filename=ECO PARK PS34__1.jpg
FIR_ICDAR_0394,FIR,FIR_Dataset_ICDAR2023,https://github.com/LegalDocumentProcessing/FIR_Dataset_ICDAR2023,jpg,,mixed/unknown,1,contains_pii,not_redacted,repository_MIT_verify_data_license,pending,dataset_provenance,2026-09-08,Source group: ECO PARK; field_annotations=yes; original_filename=ECO PARK PS35__1.jpg
FIR_ICDAR_0395,FIR,FIR_Dataset_ICDAR2023,https://github.com/LegalDocumentProcessing/FIR_Dataset_ICDAR2023,jpg,,mixed/unknown,1,contains_pii,not_redacted,repository_MIT_verify_data_license,pending,dataset_provenance,2026-09-08,Source group: ECO PARK; field_annotations=yes; original_filename=ECO PARK PS36__1.jpg
FIR_ICDAR_0396,FIR,FIR_Dataset_ICDAR2023,https://github.com/LegalDocumentProcessing/FIR_Dataset_ICDAR2023,jpg,,mixed/unknown,1,contains_pii,not_redacted,repository_MIT_verify_data_license,pending,dataset_provenance,2026-09-08,Source group: ECO PARK; field_annotations=yes; original_filename=ECO PARK PS37__1.jpg
FIR_ICDAR_0397,FIR,FIR_Dataset_ICDAR2023,https://github.com/LegalDocumentProcessing/FIR_Dataset_ICDAR2023,jpg,,mixed/unknown,1,contains_pii,not_redacted,repository_MIT_verify_data_license,pending,dataset_provenance,2026-09-08,Source group: ECO PARK; field_annotations=yes; original_filename=ECO PARK PS38__1.jpg
FIR_ICDAR_0398,FIR,FIR_Dataset_ICDAR2023,https://github.com/LegalDocumentProcessing/FIR_Dataset_ICDAR2023,jpg,,mixed/unknown,1,contains_pii,not_redacted,repository_MIT_verify_data_license,pending,dataset_provenance,2026-09-08,Source group: ECO PARK; field_annotations=yes; original_filename=ECO PARK PS39__1.jpg
FIR_ICDAR_0399,FIR,FIR_Dataset_ICDAR2023,https://github.com/LegalDocumentProcessing/FIR_Dataset_ICDAR2023,jpg,,mixed/unknown,1,contains_pii,not_redacted,repository_MIT_verify_data_license,pending,dataset_provenance,2026-09-08,Source group: ECO PARK; field_annotations=yes; original_filename=ECO PARK PS3__1.jpg
FIR_ICDAR_0400,FIR,FIR_Dataset_ICDAR2023,https://github.com/LegalDocumentProcessing/FIR_Dataset_ICDAR2023,jpg,,mixed/unknown,1,contains_pii,not_redacted,repository_MIT_verify_data_license,pending,dataset_provenance,2026-09-08,Source group: ECO PARK; field_annotations=yes; original_filename=ECO PARK PS40__1.jpg
FIR_ICDAR_0401,FIR,FIR_Dataset_ICDAR2023,https://github.com/LegalDocumentProcessing/FIR_Dataset_ICDAR2023,jpg,,mixed/unknown,1,contains_pii,not_redacted,repository_MIT_verify_data_license,pending,dataset_provenance,2026-09-08,Source group: ECO PARK; field_annotations=yes; original_filename=ECO PARK PS41__1.jpg
FIR_ICDAR_0402,FIR,FIR_Dataset_ICDAR2023,https://github.com/LegalDocumentProcessing/FIR_Dataset_ICDAR2023,jpg,,mixed/unknown,1,contains_pii,not_redacted,repository_MIT_verify_data_license,pending,dataset_provenance,2026-09-08,Source group: ECO PARK; field_annotations=yes; original_filename=ECO PARK PS42__1.jpg
FIR_ICDAR_0403,FIR,FIR_Dataset_ICDAR2023,https://github.com/LegalDocumentProcessing/FIR_Dataset_ICDAR2023,jpg,,mixed/unknown,1,contains_pii,not_redacted,repository_MIT_verify_data_license,pending,dataset_provenance,2026-09-08,Source group: ECO PARK; field_annotations=yes; original_filename=ECO PARK PS43__1.jpg
FIR_ICDAR_0404,FIR,FIR_Dataset_ICDAR2023,https://github.com/LegalDocumentProcessing/FIR_Dataset_ICDAR2023,jpg,,mixed/unknown,1,contains_pii,not_redacted,repository_MIT_verify_data_license,pending,dataset_provenance,2026-09-08,Source group: ECO PARK; field_annotations=yes; original_filename=ECO PARK PS44__1.jpg
FIR_ICDAR_0405,FIR,FIR_Dataset_ICDAR2023,https://github.com/LegalDocumentProcessing/FIR_Dataset_ICDAR2023,jpg,,mixed/unknown,1,contains_pii,not_redacted,repository_MIT_verify_data_license,pending,dataset_provenance,2026-09-08,Source group: ECO PARK; field_annotations=yes; original_filename=ECO PARK PS45__1.jpg
FIR_ICDAR_0406,FIR,FIR_Dataset_ICDAR2023,https://github.com/LegalDocumentProcessing/FIR_Dataset_ICDAR2023,jpg,,mixed/unknown,1,contains_pii,not_redacted,repository_MIT_verify_data_license,pending,dataset_provenance,2026-09-08,Source group: ECO PARK; field_annotations=yes; original_filename=ECO PARK PS46__1.jpg
FIR_ICDAR_0407,FIR,FIR_Dataset_ICDAR2023,https://github.com/LegalDocumentProcessing/FIR_Dataset_ICDAR2023,jpg,,mixed/unknown,1,contains_pii,not_redacted,repository_MIT_verify_data_license,pending,dataset_provenance,2026-09-08,Source group: ECO PARK; field_annotations=yes; original_filename=ECO PARK PS47__1.jpg
FIR_ICDAR_0408,FIR,FIR_Dataset_ICDAR2023,https://github.com/LegalDocumentProcessing/FIR_Dataset_ICDAR2023,jpg,,mixed/unknown,1,contains_pii,not_redacted,repository_MIT_verify_data_license,pending,dataset_provenance,2026-09-08,Source group: ECO PARK; field_annotations=yes; original_filename=ECO PARK PS48__1.jpg
FIR_ICDAR_0409,FIR,FIR_Dataset_ICDAR2023,https://github.com/LegalDocumentProcessing/FIR_Dataset_ICDAR2023,jpg,,mixed/unknown,1,contains_pii,not_redacted,repository_MIT_verify_data_license,pending,dataset_provenance,2026-09-08,Source group: ECO PARK; field_annotations=yes; original_filename=ECO PARK PS49__1.jpg
FIR_ICDAR_0410,FIR,FIR_Dataset_ICDAR2023,https://github.com/LegalDocumentProcessing/FIR_Dataset_ICDAR2023,jpg,,mixed/unknown,1,contains_pii,not_redacted,repository_MIT_verify_data_license,pending,dataset_provenance,2026-09-08,Source group: ECO PARK; field_annotations=yes; original_filename=ECO PARK PS4__1.jpg
FIR_ICDAR_0411,FIR,FIR_Dataset_ICDAR2023,https://github.com/LegalDocumentProcessing/FIR_Dataset_ICDAR2023,jpg,,mixed/unknown,1,contains_pii,not_redacted,repository_MIT_verify_data_license,pending,dataset_provenance,2026-09-08,Source group: ECO PARK; field_annotations=yes; original_filename=ECO PARK PS50__1.jpg
FIR_ICDAR_0412,FIR,FIR_Dataset_ICDAR2023,https://github.com/LegalDocumentProcessing/FIR_Dataset_ICDAR2023,jpg,,mixed/unknown,1,contains_pii,not_redacted,repository_MIT_verify_data_license,pending,dataset_provenance,2026-09-08,Source group: ECO PARK; field_annotations=yes; original_filename=ECO PARK PS51__1.jpg
FIR_ICDAR_0413,FIR,FIR_Dataset_ICDAR2023,https://github.com/LegalDocumentProcessing/FIR_Dataset_ICDAR2023,jpg,,mixed/unknown,1,contains_pii,not_redacted,repository_MIT_verify_data_license,pending,dataset_provenance,2026-09-08,Source group: ECO PARK; field_annotations=yes; original_filename=ECO PARK PS5__1.jpg
FIR_ICDAR_0414,FIR,FIR_Dataset_ICDAR2023,https://github.com/LegalDocumentProcessing/FIR_Dataset_ICDAR2023,jpg,,mixed/unknown,1,contains_pii,not_redacted,repository_MIT_verify_data_license,pending,dataset_provenance,2026-09-08,Source group: ECO PARK; field_annotations=yes; original_filename=ECO PARK PS6__1.jpg
FIR_ICDAR_0415,FIR,FIR_Dataset_ICDAR2023,https://github.com/LegalDocumentProcessing/FIR_Dataset_ICDAR2023,jpg,,mixed/unknown,1,contains_pii,not_redacted,repository_MIT_verify_data_license,pending,dataset_provenance,2026-09-08,Source group: ECO PARK; field_annotations=yes; original_filename=ECO PARK PS7__1.jpg
FIR_ICDAR_0416,FIR,FIR_Dataset_ICDAR2023,https://github.com/LegalDocumentProcessing/FIR_Dataset_ICDAR2023,jpg,,mixed/unknown,1,contains_pii,not_redacted,repository_MIT_verify_data_license,pending,dataset_provenance,2026-09-08,Source group: ECO PARK; field_annotations=yes; original_filename=ECO PARK PS8__1.jpg
FIR_ICDAR_0417,FIR,FIR_Dataset_ICDAR2023,https://github.com/LegalDocumentProcessing/FIR_Dataset_ICDAR2023,jpg,,mixed/unknown,1,contains_pii,not_redacted,repository_MIT_verify_data_license,pending,dataset_provenance,2026-09-08,Source group: ECO PARK; field_annotations=yes; original_filename=ECO PARK PS9__1.jpg
FIR_ICDAR_0418,FIR,FIR_Dataset_ICDAR2023,https://github.com/LegalDocumentProcessing/FIR_Dataset_ICDAR2023,jpg,,mixed/unknown,1,contains_pii,not_redacted,repository_MIT_verify_data_license,pending,dataset_provenance,2026-09-08,Source group: Electronics Complex; field_annotations=yes; original_filename=Electronics Complex PS01__1.jpg
FIR_ICDAR_0419,FIR,FIR_Dataset_ICDAR2023,https://github.com/LegalDocumentProcessing/FIR_Dataset_ICDAR2023,jpg,,mixed/unknown,1,contains_pii,not_redacted,repository_MIT_verify_data_license,pending,dataset_provenance,2026-09-08,Source group: Electronics Complex; field_annotations=yes; original_filename=Electronics Complex PS02__1.jpg
FIR_ICDAR_0420,FIR,FIR_Dataset_ICDAR2023,https://github.com/LegalDocumentProcessing/FIR_Dataset_ICDAR2023,jpg,,mixed/unknown,1,contains_pii,not_redacted,repository_MIT_verify_data_license,pending,dataset_provenance,2026-09-08,Source group: Electronics Complex; field_annotations=yes; original_filename=Electronics Complex PS03-2020__1.jpg
FIR_ICDAR_0421,FIR,FIR_Dataset_ICDAR2023,https://github.com/LegalDocumentProcessing/FIR_Dataset_ICDAR2023,jpg,,mixed/unknown,1,contains_pii,not_redacted,repository_MIT_verify_data_license,pending,dataset_provenance,2026-09-08,Source group: Electronics Complex; field_annotations=yes; original_filename=Electronics Complex PS04-2020__1.jpg
FIR_ICDAR_0422,FIR,FIR_Dataset_ICDAR2023,https://github.com/LegalDocumentProcessing/FIR_Dataset_ICDAR2023,jpg,,mixed/unknown,1,contains_pii,not_redacted,repository_MIT_verify_data_license,pending,dataset_provenance,2026-09-08,Source group: Electronics Complex; field_annotations=yes; original_filename=Electronics Complex PS05__1.jpg
FIR_ICDAR_0423,FIR,FIR_Dataset_ICDAR2023,https://github.com/LegalDocumentProcessing/FIR_Dataset_ICDAR2023,jpg,,mixed/unknown,1,contains_pii,not_redacted,repository_MIT_verify_data_license,pending,dataset_provenance,2026-09-08,Source group: Electronics Complex; field_annotations=yes; original_filename=Electronics Complex PS07__1.jpg
FIR_ICDAR_0424,FIR,FIR_Dataset_ICDAR2023,https://github.com/LegalDocumentProcessing/FIR_Dataset_ICDAR2023,jpg,,mixed/unknown,1,contains_pii,not_redacted,repository_MIT_verify_data_license,pending,dataset_provenance,2026-09-08,Source group: Electronics Complex; field_annotations=yes; original_filename=Electronics Complex PS09__1.jpg
FIR_ICDAR_0425,FIR,FIR_Dataset_ICDAR2023,https://github.com/LegalDocumentProcessing/FIR_Dataset_ICDAR2023,jpg,,mixed/unknown,1,contains_pii,not_redacted,repository_MIT_verify_data_license,pending,dataset_provenance,2026-09-08,Source group: Electronics Complex; field_annotations=yes; original_filename=Electronics Complex PS1-22__1.jpg
FIR_ICDAR_0426,FIR,FIR_Dataset_ICDAR2023,https://github.com/LegalDocumentProcessing/FIR_Dataset_ICDAR2023,jpg,,mixed/unknown,1,contains_pii,not_redacted,repository_MIT_verify_data_license,pending,dataset_provenance,2026-09-08,Source group: Electronics Complex; field_annotations=yes; original_filename=Electronics Complex PS10-19__1.jpg
FIR_ICDAR_0427,FIR,FIR_Dataset_ICDAR2023,https://github.com/LegalDocumentProcessing/FIR_Dataset_ICDAR2023,jpg,,mixed/unknown,1,contains_pii,not_redacted,repository_MIT_verify_data_license,pending,dataset_provenance,2026-09-08,Source group: Electronics Complex; field_annotations=yes; original_filename=Electronics Complex PS10-22__1.jpg
FIR_ICDAR_0428,FIR,FIR_Dataset_ICDAR2023,https://github.com/LegalDocumentProcessing/FIR_Dataset_ICDAR2023,jpg,,mixed/unknown,1,contains_pii,not_redacted,repository_MIT_verify_data_license,pending,dataset_provenance,2026-09-08,Source group: Electronics Complex; field_annotations=yes; original_filename=Electronics Complex PS10__1.jpg
FIR_ICDAR_0429,FIR,FIR_Dataset_ICDAR2023,https://github.com/LegalDocumentProcessing/FIR_Dataset_ICDAR2023,jpg,,mixed/unknown,1,contains_pii,not_redacted,repository_MIT_verify_data_license,pending,dataset_provenance,2026-09-08,Source group: Electronics Complex; field_annotations=yes; original_filename=Electronics Complex PS11-19__1.jpg
FIR_ICDAR_0430,FIR,FIR_Dataset_ICDAR2023,https://github.com/LegalDocumentProcessing/FIR_Dataset_ICDAR2023,jpg,,mixed/unknown,1,contains_pii,not_redacted,repository_MIT_verify_data_license,pending,dataset_provenance,2026-09-08,Source group: Electronics Complex; field_annotations=yes; original_filename=Electronics Complex PS11-22__1.jpg
FIR_ICDAR_0431,FIR,FIR_Dataset_ICDAR2023,https://github.com/LegalDocumentProcessing/FIR_Dataset_ICDAR2023,jpg,,mixed/unknown,1,contains_pii,not_redacted,repository_MIT_verify_data_license,pending,dataset_provenance,2026-09-08,Source group: Electronics Complex; field_annotations=yes; original_filename=Electronics Complex PS11__1.jpg
FIR_ICDAR_0432,FIR,FIR_Dataset_ICDAR2023,https://github.com/LegalDocumentProcessing/FIR_Dataset_ICDAR2023,jpg,,mixed/unknown,1,contains_pii,not_redacted,repository_MIT_verify_data_license,pending,dataset_provenance,2026-09-08,Source group: Electronics Complex; field_annotations=yes; original_filename=Electronics Complex PS12-2020__1.jpg
FIR_ICDAR_0433,FIR,FIR_Dataset_ICDAR2023,https://github.com/LegalDocumentProcessing/FIR_Dataset_ICDAR2023,jpg,,mixed/unknown,1,contains_pii,not_redacted,repository_MIT_verify_data_license,pending,dataset_provenance,2026-09-08,Source group: Electronics Complex; field_annotations=yes; original_filename=Electronics Complex PS12-22__1.jpg
FIR_ICDAR_0434,FIR,FIR_Dataset_ICDAR2023,https://github.com/LegalDocumentProcessing/FIR_Dataset_ICDAR2023,jpg,,mixed/unknown,1,contains_pii,not_redacted,repository_MIT_verify_data_license,pending,dataset_provenance,2026-09-08,Source group: Electronics Complex; field_annotations=yes; original_filename=Electronics Complex PS12__1.jpg
FIR_ICDAR_0435,FIR,FIR_Dataset_ICDAR2023,https://github.com/LegalDocumentProcessing/FIR_Dataset_ICDAR2023,jpg,,mixed/unknown,1,contains_pii,not_redacted,repository_MIT_verify_data_license,pending,dataset_provenance,2026-09-08,Source group: Electronics Complex; field_annotations=yes; original_filename=Electronics Complex PS13-22__1.jpg
FIR_ICDAR_0436,FIR,FIR_Dataset_ICDAR2023,https://github.com/LegalDocumentProcessing/FIR_Dataset_ICDAR2023,jpg,,mixed/unknown,1,contains_pii,not_redacted,repository_MIT_verify_data_license,pending,dataset_provenance,2026-09-08,Source group: Electronics Complex; field_annotations=yes; original_filename=Electronics Complex PS13__1.jpg
FIR_ICDAR_0437,FIR,FIR_Dataset_ICDAR2023,https://github.com/LegalDocumentProcessing/FIR_Dataset_ICDAR2023,jpg,,mixed/unknown,1,contains_pii,not_redacted,repository_MIT_verify_data_license,pending,dataset_provenance,2026-09-08,Source group: Electronics Complex; field_annotations=yes; original_filename=Electronics Complex PS14-22__1.jpg
FIR_ICDAR_0438,FIR,FIR_Dataset_ICDAR2023,https://github.com/LegalDocumentProcessing/FIR_Dataset_ICDAR2023,jpg,,mixed/unknown,1,contains_pii,not_redacted,repository_MIT_verify_data_license,pending,dataset_provenance,2026-09-08,Source group: Electronics Complex; field_annotations=yes; original_filename=Electronics Complex PS14__1.jpg
FIR_ICDAR_0439,FIR,FIR_Dataset_ICDAR2023,https://github.com/LegalDocumentProcessing/FIR_Dataset_ICDAR2023,jpg,,mixed/unknown,1,contains_pii,not_redacted,repository_MIT_verify_data_license,pending,dataset_provenance,2026-09-08,Source group: Electronics Complex; field_annotations=yes; original_filename=Electronics Complex PS15-20__1.jpg
FIR_ICDAR_0440,FIR,FIR_Dataset_ICDAR2023,https://github.com/LegalDocumentProcessing/FIR_Dataset_ICDAR2023,jpg,,mixed/unknown,1,contains_pii,not_redacted,repository_MIT_verify_data_license,pending,dataset_provenance,2026-09-08,Source group: Electronics Complex; field_annotations=yes; original_filename=Electronics Complex PS15-22__1.jpg
FIR_ICDAR_0441,FIR,FIR_Dataset_ICDAR2023,https://github.com/LegalDocumentProcessing/FIR_Dataset_ICDAR2023,jpg,,mixed/unknown,1,contains_pii,not_redacted,repository_MIT_verify_data_license,pending,dataset_provenance,2026-09-08,Source group: Electronics Complex; field_annotations=yes; original_filename=Electronics Complex PS15__1.jpg
FIR_ICDAR_0442,FIR,FIR_Dataset_ICDAR2023,https://github.com/LegalDocumentProcessing/FIR_Dataset_ICDAR2023,jpg,,mixed/unknown,1,contains_pii,not_redacted,repository_MIT_verify_data_license,pending,dataset_provenance,2026-09-08,Source group: Electronics Complex; field_annotations=yes; original_filename=Electronics Complex PS16-22__1.jpg
FIR_ICDAR_0443,FIR,FIR_Dataset_ICDAR2023,https://github.com/LegalDocumentProcessing/FIR_Dataset_ICDAR2023,jpg,,mixed/unknown,1,contains_pii,not_redacted,repository_MIT_verify_data_license,pending,dataset_provenance,2026-09-08,Source group: Electronics Complex; field_annotations=yes; original_filename=Electronics Complex PS16__1.jpg
FIR_ICDAR_0444,FIR,FIR_Dataset_ICDAR2023,https://github.com/LegalDocumentProcessing/FIR_Dataset_ICDAR2023,jpg,,mixed/unknown,1,contains_pii,not_redacted,repository_MIT_verify_data_license,pending,dataset_provenance,2026-09-08,Source group: Electronics Complex; field_annotations=yes; original_filename=Electronics Complex PS1__1.jpg
FIR_ICDAR_0445,FIR,FIR_Dataset_ICDAR2023,https://github.com/LegalDocumentProcessing/FIR_Dataset_ICDAR2023,jpg,,mixed/unknown,1,contains_pii,not_redacted,repository_MIT_verify_data_license,pending,dataset_provenance,2026-09-08,Source group: Electronics Complex; field_annotations=yes; original_filename=Electronics Complex PS2-22__1.jpg
FIR_ICDAR_0446,FIR,FIR_Dataset_ICDAR2023,https://github.com/LegalDocumentProcessing/FIR_Dataset_ICDAR2023,jpg,,mixed/unknown,1,contains_pii,not_redacted,repository_MIT_verify_data_license,pending,dataset_provenance,2026-09-08,Source group: Electronics Complex; field_annotations=yes; original_filename=Electronics Complex PS2__1.jpg
FIR_ICDAR_0447,FIR,FIR_Dataset_ICDAR2023,https://github.com/LegalDocumentProcessing/FIR_Dataset_ICDAR2023,jpg,,mixed/unknown,1,contains_pii,not_redacted,repository_MIT_verify_data_license,pending,dataset_provenance,2026-09-08,Source group: Electronics Complex; field_annotations=yes; original_filename=Electronics Complex PS3-22__1.jpg
FIR_ICDAR_0448,FIR,FIR_Dataset_ICDAR2023,https://github.com/LegalDocumentProcessing/FIR_Dataset_ICDAR2023,jpg,,mixed/unknown,1,contains_pii,not_redacted,repository_MIT_verify_data_license,pending,dataset_provenance,2026-09-08,Source group: Electronics Complex; field_annotations=yes; original_filename=Electronics Complex PS3__1.jpg
FIR_ICDAR_0449,FIR,FIR_Dataset_ICDAR2023,https://github.com/LegalDocumentProcessing/FIR_Dataset_ICDAR2023,jpg,,mixed/unknown,1,contains_pii,not_redacted,repository_MIT_verify_data_license,pending,dataset_provenance,2026-09-08,Source group: Electronics Complex; field_annotations=yes; original_filename=Electronics Complex PS4-22__1.jpg
FIR_ICDAR_0450,FIR,FIR_Dataset_ICDAR2023,https://github.com/LegalDocumentProcessing/FIR_Dataset_ICDAR2023,jpg,,mixed/unknown,1,contains_pii,not_redacted,repository_MIT_verify_data_license,pending,dataset_provenance,2026-09-08,Source group: Electronics Complex; field_annotations=yes; original_filename=Electronics Complex PS4__1.jpg
FIR_ICDAR_0451,FIR,FIR_Dataset_ICDAR2023,https://github.com/LegalDocumentProcessing/FIR_Dataset_ICDAR2023,jpg,,mixed/unknown,1,contains_pii,not_redacted,repository_MIT_verify_data_license,pending,dataset_provenance,2026-09-08,Source group: Electronics Complex; field_annotations=yes; original_filename=Electronics Complex PS5-21__1.jpg
FIR_ICDAR_0452,FIR,FIR_Dataset_ICDAR2023,https://github.com/LegalDocumentProcessing/FIR_Dataset_ICDAR2023,jpg,,mixed/unknown,1,contains_pii,not_redacted,repository_MIT_verify_data_license,pending,dataset_provenance,2026-09-08,Source group: Electronics Complex; field_annotations=yes; original_filename=Electronics Complex PS5-22__1.jpg
FIR_ICDAR_0453,FIR,FIR_Dataset_ICDAR2023,https://github.com/LegalDocumentProcessing/FIR_Dataset_ICDAR2023,jpg,,mixed/unknown,1,contains_pii,not_redacted,repository_MIT_verify_data_license,pending,dataset_provenance,2026-09-08,Source group: Electronics Complex; field_annotations=yes; original_filename=Electronics Complex PS5__1.jpg
FIR_ICDAR_0454,FIR,FIR_Dataset_ICDAR2023,https://github.com/LegalDocumentProcessing/FIR_Dataset_ICDAR2023,jpg,,mixed/unknown,1,contains_pii,not_redacted,repository_MIT_verify_data_license,pending,dataset_provenance,2026-09-08,Source group: Electronics Complex; field_annotations=yes; original_filename=Electronics Complex PS6-21__1.jpg
FIR_ICDAR_0455,FIR,FIR_Dataset_ICDAR2023,https://github.com/LegalDocumentProcessing/FIR_Dataset_ICDAR2023,jpg,,mixed/unknown,1,contains_pii,not_redacted,repository_MIT_verify_data_license,pending,dataset_provenance,2026-09-08,Source group: Electronics Complex; field_annotations=yes; original_filename=Electronics Complex PS6-22__1.jpg
FIR_ICDAR_0456,FIR,FIR_Dataset_ICDAR2023,https://github.com/LegalDocumentProcessing/FIR_Dataset_ICDAR2023,jpg,,mixed/unknown,1,contains_pii,not_redacted,repository_MIT_verify_data_license,pending,dataset_provenance,2026-09-08,Source group: Electronics Complex; field_annotations=yes; original_filename=Electronics Complex PS6__1.jpg
FIR_ICDAR_0457,FIR,FIR_Dataset_ICDAR2023,https://github.com/LegalDocumentProcessing/FIR_Dataset_ICDAR2023,jpg,,mixed/unknown,1,contains_pii,not_redacted,repository_MIT_verify_data_license,pending,dataset_provenance,2026-09-08,Source group: Electronics Complex; field_annotations=yes; original_filename=Electronics Complex PS7-22__1.jpg
FIR_ICDAR_0458,FIR,FIR_Dataset_ICDAR2023,https://github.com/LegalDocumentProcessing/FIR_Dataset_ICDAR2023,jpg,,mixed/unknown,1,contains_pii,not_redacted,repository_MIT_verify_data_license,pending,dataset_provenance,2026-09-08,Source group: Electronics Complex; field_annotations=yes; original_filename=Electronics Complex PS7__1.jpg
FIR_ICDAR_0459,FIR,FIR_Dataset_ICDAR2023,https://github.com/LegalDocumentProcessing/FIR_Dataset_ICDAR2023,jpg,,mixed/unknown,1,contains_pii,not_redacted,repository_MIT_verify_data_license,pending,dataset_provenance,2026-09-08,Source group: Electronics Complex; field_annotations=yes; original_filename=Electronics Complex PS8-21__1.jpg
FIR_ICDAR_0460,FIR,FIR_Dataset_ICDAR2023,https://github.com/LegalDocumentProcessing/FIR_Dataset_ICDAR2023,jpg,,mixed/unknown,1,contains_pii,not_redacted,repository_MIT_verify_data_license,pending,dataset_provenance,2026-09-08,Source group: Electronics Complex; field_annotations=yes; original_filename=Electronics Complex PS8-22__1.jpg
FIR_ICDAR_0461,FIR,FIR_Dataset_ICDAR2023,https://github.com/LegalDocumentProcessing/FIR_Dataset_ICDAR2023,jpg,,mixed/unknown,1,contains_pii,not_redacted,repository_MIT_verify_data_license,pending,dataset_provenance,2026-09-08,Source group: Electronics Complex; field_annotations=yes; original_filename=Electronics Complex PS8__1.jpg
FIR_ICDAR_0462,FIR,FIR_Dataset_ICDAR2023,https://github.com/LegalDocumentProcessing/FIR_Dataset_ICDAR2023,jpg,,mixed/unknown,1,contains_pii,not_redacted,repository_MIT_verify_data_license,pending,dataset_provenance,2026-09-08,Source group: Electronics Complex; field_annotations=yes; original_filename=Electronics Complex PS9-21__1.jpg
FIR_ICDAR_0463,FIR,FIR_Dataset_ICDAR2023,https://github.com/LegalDocumentProcessing/FIR_Dataset_ICDAR2023,jpg,,mixed/unknown,1,contains_pii,not_redacted,repository_MIT_verify_data_license,pending,dataset_provenance,2026-09-08,Source group: Electronics Complex; field_annotations=yes; original_filename=Electronics Complex PS9-22__1.jpg
FIR_ICDAR_0464,FIR,FIR_Dataset_ICDAR2023,https://github.com/LegalDocumentProcessing/FIR_Dataset_ICDAR2023,jpg,,mixed/unknown,1,contains_pii,not_redacted,repository_MIT_verify_data_license,pending,dataset_provenance,2026-09-08,Source group: Electronics Complex; field_annotations=yes; original_filename=Electronics Complex PS9__1.jpg
FIR_ICDAR_0465,FIR,FIR_Dataset_ICDAR2023,https://github.com/LegalDocumentProcessing/FIR_Dataset_ICDAR2023,jpg,,mixed/unknown,1,contains_pii,not_redacted,repository_MIT_verify_data_license,pending,dataset_provenance,2026-09-08,Source group: Lake Town; field_annotations=yes; original_filename=Lake Town PS01__1.jpg
FIR_ICDAR_0466,FIR,FIR_Dataset_ICDAR2023,https://github.com/LegalDocumentProcessing/FIR_Dataset_ICDAR2023,jpg,,mixed/unknown,1,contains_pii,not_redacted,repository_MIT_verify_data_license,pending,dataset_provenance,2026-09-08,Source group: Lake Town; field_annotations=yes; original_filename=Lake Town PS02__1.jpg
FIR_ICDAR_0467,FIR,FIR_Dataset_ICDAR2023,https://github.com/LegalDocumentProcessing/FIR_Dataset_ICDAR2023,jpg,,mixed/unknown,1,contains_pii,not_redacted,repository_MIT_verify_data_license,pending,dataset_provenance,2026-09-08,Source group: Lake Town; field_annotations=yes; original_filename=Lake Town PS03__1.jpg
FIR_ICDAR_0468,FIR,FIR_Dataset_ICDAR2023,https://github.com/LegalDocumentProcessing/FIR_Dataset_ICDAR2023,jpg,,mixed/unknown,1,contains_pii,not_redacted,repository_MIT_verify_data_license,pending,dataset_provenance,2026-09-08,Source group: Lake Town; field_annotations=yes; original_filename=Lake Town PS04__1.jpg
FIR_ICDAR_0469,FIR,FIR_Dataset_ICDAR2023,https://github.com/LegalDocumentProcessing/FIR_Dataset_ICDAR2023,jpg,,mixed/unknown,1,contains_pii,not_redacted,repository_MIT_verify_data_license,pending,dataset_provenance,2026-09-08,Source group: Lake Town; field_annotations=yes; original_filename=Lake Town PS05__1.jpg
FIR_ICDAR_0470,FIR,FIR_Dataset_ICDAR2023,https://github.com/LegalDocumentProcessing/FIR_Dataset_ICDAR2023,jpg,,mixed/unknown,1,contains_pii,not_redacted,repository_MIT_verify_data_license,pending,dataset_provenance,2026-09-08,Source group: Lake Town; field_annotations=yes; original_filename=Lake Town PS06__1.jpg
FIR_ICDAR_0471,FIR,FIR_Dataset_ICDAR2023,https://github.com/LegalDocumentProcessing/FIR_Dataset_ICDAR2023,jpg,,mixed/unknown,1,contains_pii,not_redacted,repository_MIT_verify_data_license,pending,dataset_provenance,2026-09-08,Source group: Lake Town; field_annotations=yes; original_filename=Lake Town PS07__1.jpg
FIR_ICDAR_0472,FIR,FIR_Dataset_ICDAR2023,https://github.com/LegalDocumentProcessing/FIR_Dataset_ICDAR2023,jpg,,mixed/unknown,1,contains_pii,not_redacted,repository_MIT_verify_data_license,pending,dataset_provenance,2026-09-08,Source group: Lake Town; field_annotations=yes; original_filename=Lake Town PS08__1.jpg
FIR_ICDAR_0473,FIR,FIR_Dataset_ICDAR2023,https://github.com/LegalDocumentProcessing/FIR_Dataset_ICDAR2023,jpg,,mixed/unknown,1,contains_pii,not_redacted,repository_MIT_verify_data_license,pending,dataset_provenance,2026-09-08,Source group: Lake Town; field_annotations=yes; original_filename=Lake Town PS09__1.jpg
FIR_ICDAR_0474,FIR,FIR_Dataset_ICDAR2023,https://github.com/LegalDocumentProcessing/FIR_Dataset_ICDAR2023,jpg,,mixed/unknown,1,contains_pii,not_redacted,repository_MIT_verify_data_license,pending,dataset_provenance,2026-09-08,Source group: Lake Town; field_annotations=no; original_filename=Lake Town PS10-compressed__1.jpg
FIR_ICDAR_0475,FIR,FIR_Dataset_ICDAR2023,https://github.com/LegalDocumentProcessing/FIR_Dataset_ICDAR2023,jpg,,mixed/unknown,1,contains_pii,not_redacted,repository_MIT_verify_data_license,pending,dataset_provenance,2026-09-08,Source group: Lake Town; field_annotations=yes; original_filename=Lake Town PS10__1.jpg
FIR_ICDAR_0476,FIR,FIR_Dataset_ICDAR2023,https://github.com/LegalDocumentProcessing/FIR_Dataset_ICDAR2023,jpg,,mixed/unknown,1,contains_pii,not_redacted,repository_MIT_verify_data_license,pending,dataset_provenance,2026-09-08,Source group: Lake Town; field_annotations=yes; original_filename=Lake Town PS11__1.jpg
FIR_ICDAR_0477,FIR,FIR_Dataset_ICDAR2023,https://github.com/LegalDocumentProcessing/FIR_Dataset_ICDAR2023,jpg,,mixed/unknown,1,contains_pii,not_redacted,repository_MIT_verify_data_license,pending,dataset_provenance,2026-09-08,Source group: Lake Town; field_annotations=yes; original_filename=Lake Town PS12__1.jpg
FIR_ICDAR_0478,FIR,FIR_Dataset_ICDAR2023,https://github.com/LegalDocumentProcessing/FIR_Dataset_ICDAR2023,jpg,,mixed/unknown,1,contains_pii,not_redacted,repository_MIT_verify_data_license,pending,dataset_provenance,2026-09-08,Source group: Lake Town; field_annotations=yes; original_filename=Lake Town PS13__1.jpg
FIR_ICDAR_0479,FIR,FIR_Dataset_ICDAR2023,https://github.com/LegalDocumentProcessing/FIR_Dataset_ICDAR2023,jpg,,mixed/unknown,1,contains_pii,not_redacted,repository_MIT_verify_data_license,pending,dataset_provenance,2026-09-08,Source group: Lake Town; field_annotations=yes; original_filename=Lake Town PS14__1.jpg
FIR_ICDAR_0480,FIR,FIR_Dataset_ICDAR2023,https://github.com/LegalDocumentProcessing/FIR_Dataset_ICDAR2023,jpg,,mixed/unknown,1,contains_pii,not_redacted,repository_MIT_verify_data_license,pending,dataset_provenance,2026-09-08,Source group: Lake Town; field_annotations=yes; original_filename=Lake Town PS15__1.jpg
FIR_ICDAR_0481,FIR,FIR_Dataset_ICDAR2023,https://github.com/LegalDocumentProcessing/FIR_Dataset_ICDAR2023,jpg,,mixed/unknown,1,contains_pii,not_redacted,repository_MIT_verify_data_license,pending,dataset_provenance,2026-09-08,Source group: Lake Town; field_annotations=yes; original_filename=Lake Town PS16__1.jpg
FIR_ICDAR_0482,FIR,FIR_Dataset_ICDAR2023,https://github.com/LegalDocumentProcessing/FIR_Dataset_ICDAR2023,jpg,,mixed/unknown,1,contains_pii,not_redacted,repository_MIT_verify_data_license,pending,dataset_provenance,2026-09-08,Source group: Lake Town; field_annotations=yes; original_filename=Lake Town PS17__1.jpg
FIR_ICDAR_0483,FIR,FIR_Dataset_ICDAR2023,https://github.com/LegalDocumentProcessing/FIR_Dataset_ICDAR2023,jpg,,mixed/unknown,1,contains_pii,not_redacted,repository_MIT_verify_data_license,pending,dataset_provenance,2026-09-08,Source group: Lake Town; field_annotations=yes; original_filename=Lake Town PS18__1.jpg
FIR_ICDAR_0484,FIR,FIR_Dataset_ICDAR2023,https://github.com/LegalDocumentProcessing/FIR_Dataset_ICDAR2023,jpg,,mixed/unknown,1,contains_pii,not_redacted,repository_MIT_verify_data_license,pending,dataset_provenance,2026-09-08,Source group: Lake Town; field_annotations=yes; original_filename=Lake Town PS19__1.jpg
FIR_ICDAR_0485,FIR,FIR_Dataset_ICDAR2023,https://github.com/LegalDocumentProcessing/FIR_Dataset_ICDAR2023,jpg,,mixed/unknown,1,contains_pii,not_redacted,repository_MIT_verify_data_license,pending,dataset_provenance,2026-09-08,Source group: Lake Town; field_annotations=yes; original_filename=Lake Town PS1__1.jpg
FIR_ICDAR_0486,FIR,FIR_Dataset_ICDAR2023,https://github.com/LegalDocumentProcessing/FIR_Dataset_ICDAR2023,jpg,,mixed/unknown,1,contains_pii,not_redacted,repository_MIT_verify_data_license,pending,dataset_provenance,2026-09-08,Source group: Lake Town; field_annotations=yes; original_filename=Lake Town PS2__1.jpg
FIR_ICDAR_0487,FIR,FIR_Dataset_ICDAR2023,https://github.com/LegalDocumentProcessing/FIR_Dataset_ICDAR2023,jpg,,mixed/unknown,1,contains_pii,not_redacted,repository_MIT_verify_data_license,pending,dataset_provenance,2026-09-08,Source group: Lake Town; field_annotations=yes; original_filename=Lake Town PS3__1.jpg
FIR_ICDAR_0488,FIR,FIR_Dataset_ICDAR2023,https://github.com/LegalDocumentProcessing/FIR_Dataset_ICDAR2023,jpg,,mixed/unknown,1,contains_pii,not_redacted,repository_MIT_verify_data_license,pending,dataset_provenance,2026-09-08,Source group: Lake Town; field_annotations=yes; original_filename=Lake Town PS4__1.jpg
FIR_ICDAR_0489,FIR,FIR_Dataset_ICDAR2023,https://github.com/LegalDocumentProcessing/FIR_Dataset_ICDAR2023,jpg,,mixed/unknown,1,contains_pii,not_redacted,repository_MIT_verify_data_license,pending,dataset_provenance,2026-09-08,Source group: Lake Town; field_annotations=yes; original_filename=Lake Town PS5__1.jpg
FIR_ICDAR_0490,FIR,FIR_Dataset_ICDAR2023,https://github.com/LegalDocumentProcessing/FIR_Dataset_ICDAR2023,jpg,,mixed/unknown,1,contains_pii,not_redacted,repository_MIT_verify_data_license,pending,dataset_provenance,2026-09-08,Source group: Lake Town; field_annotations=yes; original_filename=Lake Town PS6__1.jpg
FIR_ICDAR_0491,FIR,FIR_Dataset_ICDAR2023,https://github.com/LegalDocumentProcessing/FIR_Dataset_ICDAR2023,jpg,,mixed/unknown,1,contains_pii,not_redacted,repository_MIT_verify_data_license,pending,dataset_provenance,2026-09-08,Source group: Lake Town; field_annotations=yes; original_filename=Lake Town PS7__1.jpg
FIR_ICDAR_0492,FIR,FIR_Dataset_ICDAR2023,https://github.com/LegalDocumentProcessing/FIR_Dataset_ICDAR2023,jpg,,mixed/unknown,1,contains_pii,not_redacted,repository_MIT_verify_data_license,pending,dataset_provenance,2026-09-08,Source group: Lake Town; field_annotations=yes; original_filename=Lake Town PS8__1.jpg
FIR_ICDAR_0493,FIR,FIR_Dataset_ICDAR2023,https://github.com/LegalDocumentProcessing/FIR_Dataset_ICDAR2023,jpg,,mixed/unknown,1,contains_pii,not_redacted,repository_MIT_verify_data_license,pending,dataset_provenance,2026-09-08,Source group: Lake Town; field_annotations=yes; original_filename=Lake Town PS9__1.jpg
FIR_ICDAR_0494,FIR,FIR_Dataset_ICDAR2023,https://github.com/LegalDocumentProcessing/FIR_Dataset_ICDAR2023,jpg,,mixed/unknown,1,contains_pii,not_redacted,repository_MIT_verify_data_license,pending,dataset_provenance,2026-09-08,Source group: NSCBI Airport; field_annotations=yes; original_filename=NSCBI Airport PSNSCBI-AIRPORT-0001-2017-2488__1.jpg
FIR_ICDAR_0495,FIR,FIR_Dataset_ICDAR2023,https://github.com/LegalDocumentProcessing/FIR_Dataset_ICDAR2023,jpg,,mixed/unknown,1,contains_pii,not_redacted,repository_MIT_verify_data_license,pending,dataset_provenance,2026-09-08,Source group: NSCBI Airport; field_annotations=no; original_filename=NSCBI Airport PSNSCBI-AIRPORT-0001-2018-8300__1.jpg
FIR_ICDAR_0496,FIR,FIR_Dataset_ICDAR2023,https://github.com/LegalDocumentProcessing/FIR_Dataset_ICDAR2023,jpg,,mixed/unknown,1,contains_pii,not_redacted,repository_MIT_verify_data_license,pending,dataset_provenance,2026-09-08,Source group: NSCBI Airport; field_annotations=no; original_filename=NSCBI Airport PSNSCBI-AIRPORT-0002-2017-2486__1.jpg
FIR_ICDAR_0497,FIR,FIR_Dataset_ICDAR2023,https://github.com/LegalDocumentProcessing/FIR_Dataset_ICDAR2023,jpg,,mixed/unknown,1,contains_pii,not_redacted,repository_MIT_verify_data_license,pending,dataset_provenance,2026-09-08,Source group: NSCBI Airport; field_annotations=yes; original_filename=NSCBI Airport PSNSCBI-AIRPORT-0002-2018-9706__1.jpg
FIR_ICDAR_0498,FIR,FIR_Dataset_ICDAR2023,https://github.com/LegalDocumentProcessing/FIR_Dataset_ICDAR2023,jpg,,mixed/unknown,1,contains_pii,not_redacted,repository_MIT_verify_data_license,pending,dataset_provenance,2026-09-08,Source group: NSCBI Airport; field_annotations=yes; original_filename=NSCBI Airport PSNSCBI-AIRPORT-0003-2017-2887__1.jpg
FIR_ICDAR_0499,FIR,FIR_Dataset_ICDAR2023,https://github.com/LegalDocumentProcessing/FIR_Dataset_ICDAR2023,jpg,,mixed/unknown,1,contains_pii,not_redacted,repository_MIT_verify_data_license,pending,dataset_provenance,2026-09-08,Source group: NSCBI Airport; field_annotations=yes; original_filename=NSCBI Airport PSNSCBI-AIRPORT-0003-2018-3799__1.jpg
FIR_ICDAR_0500,FIR,FIR_Dataset_ICDAR2023,https://github.com/LegalDocumentProcessing/FIR_Dataset_ICDAR2023,jpg,,mixed/unknown,1,contains_pii,not_redacted,repository_MIT_verify_data_license,pending,dataset_provenance,2026-09-08,Source group: NSCBI Airport; field_annotations=yes; original_filename=NSCBI Airport PSNSCBI-AIRPORT-0004-2017-3235__1.jpg
FIR_ICDAR_0501,FIR,FIR_Dataset_ICDAR2023,https://github.com/LegalDocumentProcessing/FIR_Dataset_ICDAR2023,jpg,,mixed/unknown,1,contains_pii,not_redacted,repository_MIT_verify_data_license,pending,dataset_provenance,2026-09-08,Source group: NSCBI Airport; field_annotations=yes; original_filename=NSCBI Airport PSNSCBI-AIRPORT-0004-2018-5942__1.jpg
FIR_ICDAR_0502,FIR,FIR_Dataset_ICDAR2023,https://github.com/LegalDocumentProcessing/FIR_Dataset_ICDAR2023,jpg,,mixed/unknown,1,contains_pii,not_redacted,repository_MIT_verify_data_license,pending,dataset_provenance,2026-09-08,Source group: NSCBI Airport; field_annotations=no; original_filename=NSCBI Airport PSNSCBI-AIRPORT-0005-2017-3480__1.jpg
FIR_ICDAR_0503,FIR,FIR_Dataset_ICDAR2023,https://github.com/LegalDocumentProcessing/FIR_Dataset_ICDAR2023,jpg,,mixed/unknown,1,contains_pii,not_redacted,repository_MIT_verify_data_license,pending,dataset_provenance,2026-09-08,Source group: NSCBI Airport; field_annotations=yes; original_filename=NSCBI Airport PSNSCBI-AIRPORT-0005-2018-5904__1.jpg
FIR_ICDAR_0504,FIR,FIR_Dataset_ICDAR2023,https://github.com/LegalDocumentProcessing/FIR_Dataset_ICDAR2023,jpg,,mixed/unknown,1,contains_pii,not_redacted,repository_MIT_verify_data_license,pending,dataset_provenance,2026-09-08,Source group: NSCBI Airport; field_annotations=no; original_filename=NSCBI Airport PSNSCBI-AIRPORT-0006-2017-3478__1.jpg
FIR_ICDAR_0505,FIR,FIR_Dataset_ICDAR2023,https://github.com/LegalDocumentProcessing/FIR_Dataset_ICDAR2023,jpg,,mixed/unknown,1,contains_pii,not_redacted,repository_MIT_verify_data_license,pending,dataset_provenance,2026-09-08,Source group: NSCBI Airport; field_annotations=no; original_filename=NSCBI Airport PSNSCBI-AIRPORT-0006-2018-5162__1.jpg
FIR_ICDAR_0506,FIR,FIR_Dataset_ICDAR2023,https://github.com/LegalDocumentProcessing/FIR_Dataset_ICDAR2023,jpg,,mixed/unknown,1,contains_pii,not_redacted,repository_MIT_verify_data_license,pending,dataset_provenance,2026-09-08,Source group: NSCBI Airport; field_annotations=no; original_filename=NSCBI Airport PSNSCBI-AIRPORT-0007-2017-4660__1.jpg
FIR_ICDAR_0507,FIR,FIR_Dataset_ICDAR2023,https://github.com/LegalDocumentProcessing/FIR_Dataset_ICDAR2023,jpg,,mixed/unknown,1,contains_pii,not_redacted,repository_MIT_verify_data_license,pending,dataset_provenance,2026-09-08,Source group: NSCBI Airport; field_annotations=no; original_filename=NSCBI Airport PSNSCBI-AIRPORT-0007-2018-1806__1.jpg
FIR_ICDAR_0508,FIR,FIR_Dataset_ICDAR2023,https://github.com/LegalDocumentProcessing/FIR_Dataset_ICDAR2023,jpg,,mixed/unknown,1,contains_pii,not_redacted,repository_MIT_verify_data_license,pending,dataset_provenance,2026-09-08,Source group: NSCBI Airport; field_annotations=yes; original_filename=NSCBI Airport PSNSCBI-AIRPORT-0008-2017-8566__1.jpg
FIR_ICDAR_0509,FIR,FIR_Dataset_ICDAR2023,https://github.com/LegalDocumentProcessing/FIR_Dataset_ICDAR2023,jpg,,mixed/unknown,1,contains_pii,not_redacted,repository_MIT_verify_data_license,pending,dataset_provenance,2026-09-08,Source group: NSCBI Airport; field_annotations=no; original_filename=NSCBI Airport PSNSCBI-AIRPORT-0008-2018-1732__1.jpg
FIR_ICDAR_0510,FIR,FIR_Dataset_ICDAR2023,https://github.com/LegalDocumentProcessing/FIR_Dataset_ICDAR2023,jpg,,mixed/unknown,1,contains_pii,not_redacted,repository_MIT_verify_data_license,pending,dataset_provenance,2026-09-08,Source group: NSCBI Airport; field_annotations=no; original_filename=NSCBI Airport PSNSCBI-AIRPORT-0009-2017-5830__1.jpg
FIR_ICDAR_0511,FIR,FIR_Dataset_ICDAR2023,https://github.com/LegalDocumentProcessing/FIR_Dataset_ICDAR2023,jpg,,mixed/unknown,1,contains_pii,not_redacted,repository_MIT_verify_data_license,pending,dataset_provenance,2026-09-08,Source group: NSCBI Airport; field_annotations=yes; original_filename=NSCBI Airport PSNSCBI-AIRPORT-0009-2018-2186__1.jpg
FIR_ICDAR_0512,FIR,FIR_Dataset_ICDAR2023,https://github.com/LegalDocumentProcessing/FIR_Dataset_ICDAR2023,jpg,,mixed/unknown,1,contains_pii,not_redacted,repository_MIT_verify_data_license,pending,dataset_provenance,2026-09-08,Source group: NSCBI Airport; field_annotations=no; original_filename=NSCBI Airport PSNSCBI-AIRPORT-0010-2017-1246__1.jpg
FIR_ICDAR_0513,FIR,FIR_Dataset_ICDAR2023,https://github.com/LegalDocumentProcessing/FIR_Dataset_ICDAR2023,jpg,,mixed/unknown,1,contains_pii,not_redacted,repository_MIT_verify_data_license,pending,dataset_provenance,2026-09-08,Source group: NSCBI Airport; field_annotations=yes; original_filename=NSCBI Airport PSNSCBI-AIRPORT-0010-2018-5239__1.jpg
FIR_ICDAR_0514,FIR,FIR_Dataset_ICDAR2023,https://github.com/LegalDocumentProcessing/FIR_Dataset_ICDAR2023,jpg,,mixed/unknown,1,contains_pii,not_redacted,repository_MIT_verify_data_license,pending,dataset_provenance,2026-09-08,Source group: NSCBI Airport; field_annotations=yes; original_filename=NSCBI Airport PSNSCBI-AIRPORT-0011-2017-1590__1.jpg
FIR_ICDAR_0515,FIR,FIR_Dataset_ICDAR2023,https://github.com/LegalDocumentProcessing/FIR_Dataset_ICDAR2023,jpg,,mixed/unknown,1,contains_pii,not_redacted,repository_MIT_verify_data_license,pending,dataset_provenance,2026-09-08,Source group: NSCBI Airport; field_annotations=yes; original_filename=NSCBI Airport PSNSCBI-AIRPORT-0011-2018-4455__1.jpg
FIR_ICDAR_0516,FIR,FIR_Dataset_ICDAR2023,https://github.com/LegalDocumentProcessing/FIR_Dataset_ICDAR2023,jpg,,mixed/unknown,1,contains_pii,not_redacted,repository_MIT_verify_data_license,pending,dataset_provenance,2026-09-08,Source group: NSCBI Airport; field_annotations=yes; original_filename=NSCBI Airport PSNSCBI-AIRPORT-0012-2017-1812__1.jpg
FIR_ICDAR_0517,FIR,FIR_Dataset_ICDAR2023,https://github.com/LegalDocumentProcessing/FIR_Dataset_ICDAR2023,jpg,,mixed/unknown,1,contains_pii,not_redacted,repository_MIT_verify_data_license,pending,dataset_provenance,2026-09-08,Source group: NSCBI Airport; field_annotations=no; original_filename=NSCBI Airport PSNSCBI-AIRPORT-0012-2018-3499__1.jpg
FIR_ICDAR_0518,FIR,FIR_Dataset_ICDAR2023,https://github.com/LegalDocumentProcessing/FIR_Dataset_ICDAR2023,jpg,,mixed/unknown,1,contains_pii,not_redacted,repository_MIT_verify_data_license,pending,dataset_provenance,2026-09-08,Source group: NSCBI Airport; field_annotations=yes; original_filename=NSCBI Airport PSNSCBI-AIRPORT-0013-2017-2114__1.jpg
FIR_ICDAR_0519,FIR,FIR_Dataset_ICDAR2023,https://github.com/LegalDocumentProcessing/FIR_Dataset_ICDAR2023,jpg,,mixed/unknown,1,contains_pii,not_redacted,repository_MIT_verify_data_license,pending,dataset_provenance,2026-09-08,Source group: NSCBI Airport; field_annotations=yes; original_filename=NSCBI Airport PSNSCBI-AIRPORT-0013-2018-3457__1.jpg
FIR_ICDAR_0520,FIR,FIR_Dataset_ICDAR2023,https://github.com/LegalDocumentProcessing/FIR_Dataset_ICDAR2023,jpg,,mixed/unknown,1,contains_pii,not_redacted,repository_MIT_verify_data_license,pending,dataset_provenance,2026-09-08,Source group: NSCBI Airport; field_annotations=no; original_filename=NSCBI Airport PSNSCBI-AIRPORT-0014-2017-2730__1.jpg
FIR_ICDAR_0521,FIR,FIR_Dataset_ICDAR2023,https://github.com/LegalDocumentProcessing/FIR_Dataset_ICDAR2023,jpg,,mixed/unknown,1,contains_pii,not_redacted,repository_MIT_verify_data_license,pending,dataset_provenance,2026-09-08,Source group: NSCBI Airport; field_annotations=no; original_filename=NSCBI Airport PSNSCBI-AIRPORT-0014-2018-3529__1.jpg
FIR_ICDAR_0522,FIR,FIR_Dataset_ICDAR2023,https://github.com/LegalDocumentProcessing/FIR_Dataset_ICDAR2023,jpg,,mixed/unknown,1,contains_pii,not_redacted,repository_MIT_verify_data_license,pending,dataset_provenance,2026-09-08,Source group: NSCBI Airport; field_annotations=no; original_filename=NSCBI Airport PSNSCBI-AIRPORT-0015-2017-4956__1.jpg
FIR_ICDAR_0523,FIR,FIR_Dataset_ICDAR2023,https://github.com/LegalDocumentProcessing/FIR_Dataset_ICDAR2023,jpg,,mixed/unknown,1,contains_pii,not_redacted,repository_MIT_verify_data_license,pending,dataset_provenance,2026-09-08,Source group: NSCBI Airport; field_annotations=no; original_filename=NSCBI Airport PSNSCBI-AIRPORT-0015-2018-5367__1.jpg
FIR_ICDAR_0524,FIR,FIR_Dataset_ICDAR2023,https://github.com/LegalDocumentProcessing/FIR_Dataset_ICDAR2023,jpg,,mixed/unknown,1,contains_pii,not_redacted,repository_MIT_verify_data_license,pending,dataset_provenance,2026-09-08,Source group: Women; field_annotations=yes; original_filename=Women PS51__1.jpg
FIR_ICDAR_0525,FIR,FIR_Dataset_ICDAR2023,https://github.com/LegalDocumentProcessing/FIR_Dataset_ICDAR2023,jpg,,mixed/unknown,1,contains_pii,not_redacted,repository_MIT_verify_data_license,pending,dataset_provenance,2026-09-08,Source group: Women; field_annotations=yes; original_filename=Women PS52__1.jpg
FIR_ICDAR_0526,FIR,FIR_Dataset_ICDAR2023,https://github.com/LegalDocumentProcessing/FIR_Dataset_ICDAR2023,jpg,,mixed/unknown,1,contains_pii,not_redacted,repository_MIT_verify_data_license,pending,dataset_provenance,2026-09-08,Source group: Women; field_annotations=yes; original_filename=Women PS53__1.jpg
FIR_ICDAR_0527,FIR,FIR_Dataset_ICDAR2023,https://github.com/LegalDocumentProcessing/FIR_Dataset_ICDAR2023,jpg,,mixed/unknown,1,contains_pii,not_redacted,repository_MIT_verify_data_license,pending,dataset_provenance,2026-09-08,Source group: Women; field_annotations=yes; original_filename=Women PSWOMEN-0001-2018-1189__1.jpg
FIR_ICDAR_0528,FIR,FIR_Dataset_ICDAR2023,https://github.com/LegalDocumentProcessing/FIR_Dataset_ICDAR2023,jpg,,mixed/unknown,1,contains_pii,not_redacted,repository_MIT_verify_data_license,pending,dataset_provenance,2026-09-08,Source group: Women; field_annotations=yes; original_filename=Women PSWOMEN-0002-2017-2099__1.jpg
FIR_ICDAR_0529,FIR,FIR_Dataset_ICDAR2023,https://github.com/LegalDocumentProcessing/FIR_Dataset_ICDAR2023,jpg,,mixed/unknown,1,contains_pii,not_redacted,repository_MIT_verify_data_license,pending,dataset_provenance,2026-09-08,Source group: Women; field_annotations=yes; original_filename=Women PSWOMEN-0003-2018-4808__1.jpg
FIR_ICDAR_0530,FIR,FIR_Dataset_ICDAR2023,https://github.com/LegalDocumentProcessing/FIR_Dataset_ICDAR2023,jpg,,mixed/unknown,1,contains_pii,not_redacted,repository_MIT_verify_data_license,pending,dataset_provenance,2026-09-08,Source group: Women; field_annotations=yes; original_filename=Women PSWOMEN-0004-2018-2872__1.jpg
FIR_ICDAR_0531,FIR,FIR_Dataset_ICDAR2023,https://github.com/LegalDocumentProcessing/FIR_Dataset_ICDAR2023,jpg,,mixed/unknown,1,contains_pii,not_redacted,repository_MIT_verify_data_license,pending,dataset_provenance,2026-09-08,Source group: Women; field_annotations=yes; original_filename=Women PSWOMEN-0005-2018-3968__1.jpg
FIR_ICDAR_0532,FIR,FIR_Dataset_ICDAR2023,https://github.com/LegalDocumentProcessing/FIR_Dataset_ICDAR2023,jpg,,mixed/unknown,1,contains_pii,not_redacted,repository_MIT_verify_data_license,pending,dataset_provenance,2026-09-08,Source group: Women; field_annotations=yes; original_filename=Women PSWOMEN-0006-2018-3119__1.jpg
FIR_ICDAR_0533,FIR,FIR_Dataset_ICDAR2023,https://github.com/LegalDocumentProcessing/FIR_Dataset_ICDAR2023,jpg,,mixed/unknown,1,contains_pii,not_redacted,repository_MIT_verify_data_license,pending,dataset_provenance,2026-09-08,Source group: Women; field_annotations=yes; original_filename=Women PSWOMEN-0007-2018-4620__1.jpg
FIR_ICDAR_0534,FIR,FIR_Dataset_ICDAR2023,https://github.com/LegalDocumentProcessing/FIR_Dataset_ICDAR2023,jpg,,mixed/unknown,1,contains_pii,not_redacted,repository_MIT_verify_data_license,pending,dataset_provenance,2026-09-08,Source group: Women; field_annotations=no; original_filename=Women PSWOMEN-0008-2017-5566__1.jpg
FIR_ICDAR_0535,FIR,FIR_Dataset_ICDAR2023,https://github.com/LegalDocumentProcessing/FIR_Dataset_ICDAR2023,jpg,,mixed/unknown,1,contains_pii,not_redacted,repository_MIT_verify_data_license,pending,dataset_provenance,2026-09-08,Source group: Women; field_annotations=yes; original_filename=Women PSWOMEN-0008-2018-4643__1.jpg
FIR_ICDAR_0536,FIR,FIR_Dataset_ICDAR2023,https://github.com/LegalDocumentProcessing/FIR_Dataset_ICDAR2023,jpg,,mixed/unknown,1,contains_pii,not_redacted,repository_MIT_verify_data_license,pending,dataset_provenance,2026-09-08,Source group: Women; field_annotations=yes; original_filename=Women PSWOMEN-0009-2018-4645__1.jpg
FIR_ICDAR_0537,FIR,FIR_Dataset_ICDAR2023,https://github.com/LegalDocumentProcessing/FIR_Dataset_ICDAR2023,jpg,,mixed/unknown,1,contains_pii,not_redacted,repository_MIT_verify_data_license,pending,dataset_provenance,2026-09-08,Source group: Women; field_annotations=yes; original_filename=Women PSWOMEN-0010-2017-3294__1.jpg
FIR_ICDAR_0538,FIR,FIR_Dataset_ICDAR2023,https://github.com/LegalDocumentProcessing/FIR_Dataset_ICDAR2023,jpg,,mixed/unknown,1,contains_pii,not_redacted,repository_MIT_verify_data_license,pending,dataset_provenance,2026-09-08,Source group: Women; field_annotations=yes; original_filename=Women PSWOMEN-0010-2018-5325__1.jpg
FIR_ICDAR_0539,FIR,FIR_Dataset_ICDAR2023,https://github.com/LegalDocumentProcessing/FIR_Dataset_ICDAR2023,jpg,,mixed/unknown,1,contains_pii,not_redacted,repository_MIT_verify_data_license,pending,dataset_provenance,2026-09-08,Source group: Women; field_annotations=yes; original_filename=Women PSWOMEN-0011-2018-5585__1.jpg
FIR_ICDAR_0540,FIR,FIR_Dataset_ICDAR2023,https://github.com/LegalDocumentProcessing/FIR_Dataset_ICDAR2023,jpg,,mixed/unknown,1,contains_pii,not_redacted,repository_MIT_verify_data_license,pending,dataset_provenance,2026-09-08,Source group: Women; field_annotations=yes; original_filename=Women PSWOMEN-0012-2017-4054__1.jpg
FIR_ICDAR_0541,FIR,FIR_Dataset_ICDAR2023,https://github.com/LegalDocumentProcessing/FIR_Dataset_ICDAR2023,jpg,,mixed/unknown,1,contains_pii,not_redacted,repository_MIT_verify_data_license,pending,dataset_provenance,2026-09-08,Source group: Women; field_annotations=yes; original_filename=Women PSWOMEN-0012-2018-3062__1.jpg
FIR_ICDAR_0542,FIR,FIR_Dataset_ICDAR2023,https://github.com/LegalDocumentProcessing/FIR_Dataset_ICDAR2023,jpg,,mixed/unknown,1,contains_pii,not_redacted,repository_MIT_verify_data_license,pending,dataset_provenance,2026-09-08,Source group: Women; field_annotations=yes; original_filename=Women PSWOMEN-0013-2018-5015__1.jpg
FIR_ICDAR_0543,FIR,FIR_Dataset_ICDAR2023,https://github.com/LegalDocumentProcessing/FIR_Dataset_ICDAR2023,jpg,,mixed/unknown,1,contains_pii,not_redacted,repository_MIT_verify_data_license,pending,dataset_provenance,2026-09-08,Source group: Women; field_annotations=yes; original_filename=Women PSWOMEN-0014-2018-1609__1.jpg
FIR_ICDAR_0544,FIR,FIR_Dataset_ICDAR2023,https://github.com/LegalDocumentProcessing/FIR_Dataset_ICDAR2023,jpg,,mixed/unknown,1,contains_pii,not_redacted,repository_MIT_verify_data_license,pending,dataset_provenance,2026-09-08,Source group: Women; field_annotations=yes; original_filename=Women PSWOMEN-0015-2017-2296__1.jpg
FIR_ICDAR_0545,FIR,FIR_Dataset_ICDAR2023,https://github.com/LegalDocumentProcessing/FIR_Dataset_ICDAR2023,jpg,,mixed/unknown,1,contains_pii,not_redacted,repository_MIT_verify_data_license,pending,dataset_provenance,2026-09-08,Source group: Women; field_annotations=yes; original_filename=Women PSWOMEN-0015-2018-4208__1.jpg
FIR_ICDAR_0546,FIR,FIR_Dataset_ICDAR2023,https://github.com/LegalDocumentProcessing/FIR_Dataset_ICDAR2023,jpg,,mixed/unknown,1,contains_pii,not_redacted,repository_MIT_verify_data_license,pending,dataset_provenance,2026-09-08,Source group: Women; field_annotations=no; original_filename=Women PSWOMEN-0016-2017-5340__1.jpg
FIR_ICDAR_0547,FIR,FIR_Dataset_ICDAR2023,https://github.com/LegalDocumentProcessing/FIR_Dataset_ICDAR2023,jpg,,mixed/unknown,1,contains_pii,not_redacted,repository_MIT_verify_data_license,pending,dataset_provenance,2026-09-08,Source group: Women; field_annotations=yes; original_filename=Women PSWOMEN-0016-2018-4785__1.jpg
FIR_ICDAR_0548,FIR,FIR_Dataset_ICDAR2023,https://github.com/LegalDocumentProcessing/FIR_Dataset_ICDAR2023,jpg,,mixed/unknown,1,contains_pii,not_redacted,repository_MIT_verify_data_license,pending,dataset_provenance,2026-09-08,Source group: Women; field_annotations=yes; original_filename=Women PSWOMEN-0017-2017-5604__1.jpg
FIR_ICDAR_0549,FIR,FIR_Dataset_ICDAR2023,https://github.com/LegalDocumentProcessing/FIR_Dataset_ICDAR2023,jpg,,mixed/unknown,1,contains_pii,not_redacted,repository_MIT_verify_data_license,pending,dataset_provenance,2026-09-08,Source group: Women; field_annotations=yes; original_filename=Women PSWOMEN-0017-2018-5587__1.jpg
FIR_ICDAR_0550,FIR,FIR_Dataset_ICDAR2023,https://github.com/LegalDocumentProcessing/FIR_Dataset_ICDAR2023,jpg,,mixed/unknown,1,contains_pii,not_redacted,repository_MIT_verify_data_license,pending,dataset_provenance,2026-09-08,Source group: Women; field_annotations=yes; original_filename=Women PSWOMEN-0018-2018-1194__1.jpg
FIR_ICDAR_0551,FIR,FIR_Dataset_ICDAR2023,https://github.com/LegalDocumentProcessing/FIR_Dataset_ICDAR2023,jpg,,mixed/unknown,1,contains_pii,not_redacted,repository_MIT_verify_data_license,pending,dataset_provenance,2026-09-08,Source group: Women; field_annotations=no; original_filename=Women PSWOMEN-0019-2017-2139__1.jpg
FIR_ICDAR_0552,FIR,FIR_Dataset_ICDAR2023,https://github.com/LegalDocumentProcessing/FIR_Dataset_ICDAR2023,jpg,,mixed/unknown,1,contains_pii,not_redacted,repository_MIT_verify_data_license,pending,dataset_provenance,2026-09-08,Source group: Women; field_annotations=yes; original_filename=Women PSWOMEN-0019-2018-1248__1.jpg
FIR_ICDAR_0553,FIR,FIR_Dataset_ICDAR2023,https://github.com/LegalDocumentProcessing/FIR_Dataset_ICDAR2023,jpg,,mixed/unknown,1,contains_pii,not_redacted,repository_MIT_verify_data_license,pending,dataset_provenance,2026-09-08,Source group: Women; field_annotations=yes; original_filename=Women PSWOMEN-0020-2017-5914__1.jpg
FIR_ICDAR_0554,FIR,FIR_Dataset_ICDAR2023,https://github.com/LegalDocumentProcessing/FIR_Dataset_ICDAR2023,jpg,,mixed/unknown,1,contains_pii,not_redacted,repository_MIT_verify_data_license,pending,dataset_provenance,2026-09-08,Source group: Women; field_annotations=yes; original_filename=Women PSWOMEN-0021-2017-1914__1.jpg
FIR_ICDAR_0555,FIR,FIR_Dataset_ICDAR2023,https://github.com/LegalDocumentProcessing/FIR_Dataset_ICDAR2023,jpg,,mixed/unknown,1,contains_pii,not_redacted,repository_MIT_verify_data_license,pending,dataset_provenance,2026-09-08,Source group: Women; field_annotations=yes; original_filename=Women PSWOMEN-0021-2018-3429__1.jpg
FIR_ICDAR_0556,FIR,FIR_Dataset_ICDAR2023,https://github.com/LegalDocumentProcessing/FIR_Dataset_ICDAR2023,jpg,,mixed/unknown,1,contains_pii,not_redacted,repository_MIT_verify_data_license,pending,dataset_provenance,2026-09-08,Source group: Women; field_annotations=yes; original_filename=Women PSWOMEN-0022-2017-1970__1.jpg
FIR_ICDAR_0557,FIR,FIR_Dataset_ICDAR2023,https://github.com/LegalDocumentProcessing/FIR_Dataset_ICDAR2023,jpg,,mixed/unknown,1,contains_pii,not_redacted,repository_MIT_verify_data_license,pending,dataset_provenance,2026-09-08,Source group: Women; field_annotations=yes; original_filename=Women PSWOMEN-0023-2017-2391__1.jpg
FIR_ICDAR_0558,FIR,FIR_Dataset_ICDAR2023,https://github.com/LegalDocumentProcessing/FIR_Dataset_ICDAR2023,jpg,,mixed/unknown,1,contains_pii,not_redacted,repository_MIT_verify_data_license,pending,dataset_provenance,2026-09-08,Source group: Women; field_annotations=yes; original_filename=Women PSWOMEN-0024-2017-5960__1.jpg
FIR_ICDAR_0559,FIR,FIR_Dataset_ICDAR2023,https://github.com/LegalDocumentProcessing/FIR_Dataset_ICDAR2023,jpg,,mixed/unknown,1,contains_pii,not_redacted,repository_MIT_verify_data_license,pending,dataset_provenance,2026-09-08,Source group: Women; field_annotations=yes; original_filename=Women PSWOMEN-0025-2017-3083__1.jpg
FIR_ICDAR_0560,FIR,FIR_Dataset_ICDAR2023,https://github.com/LegalDocumentProcessing/FIR_Dataset_ICDAR2023,jpg,,mixed/unknown,1,contains_pii,not_redacted,repository_MIT_verify_data_license,pending,dataset_provenance,2026-09-08,Source group: Women; field_annotations=yes; original_filename=Women PSWOMEN-0028-2017-4628__1.jpg
FIR_ICDAR_0561,FIR,FIR_Dataset_ICDAR2023,https://github.com/LegalDocumentProcessing/FIR_Dataset_ICDAR2023,jpg,,mixed/unknown,1,contains_pii,not_redacted,repository_MIT_verify_data_license,pending,dataset_provenance,2026-09-08,Source group: Women; field_annotations=yes; original_filename=Women PSWOMEN-0029-2017-5241__1.jpg
FIR_ICDAR_0562,FIR,FIR_Dataset_ICDAR2023,https://github.com/LegalDocumentProcessing/FIR_Dataset_ICDAR2023,jpg,,mixed/unknown,1,contains_pii,not_redacted,repository_MIT_verify_data_license,pending,dataset_provenance,2026-09-08,Source group: Women; field_annotations=yes; original_filename=Women PSWOMEN-0030-2017-8528__1.jpg
FIR_ICDAR_0563,FIR,FIR_Dataset_ICDAR2023,https://github.com/LegalDocumentProcessing/FIR_Dataset_ICDAR2023,jpg,,mixed/unknown,1,contains_pii,not_redacted,repository_MIT_verify_data_license,pending,dataset_provenance,2026-09-08,Source group: Women; field_annotations=yes; original_filename=Women PSWOMEN-0031-2017-1217__1.jpg
FIR_ICDAR_0564,FIR,FIR_Dataset_ICDAR2023,https://github.com/LegalDocumentProcessing/FIR_Dataset_ICDAR2023,jpg,,mixed/unknown,1,contains_pii,not_redacted,repository_MIT_verify_data_license,pending,dataset_provenance,2026-09-08,Source group: Women; field_annotations=yes; original_filename=Women PSWOMEN-0032-2017-1422__1.jpg
FIR_ICDAR_0565,FIR,FIR_Dataset_ICDAR2023,https://github.com/LegalDocumentProcessing/FIR_Dataset_ICDAR2023,jpg,,mixed/unknown,1,contains_pii,not_redacted,repository_MIT_verify_data_license,pending,dataset_provenance,2026-09-08,Source group: Women; field_annotations=no; original_filename=Women PSWOMEN-0033-2017-5758__1.jpg
FIR_ICDAR_0566,FIR,FIR_Dataset_ICDAR2023,https://github.com/LegalDocumentProcessing/FIR_Dataset_ICDAR2023,jpg,,mixed/unknown,1,contains_pii,not_redacted,repository_MIT_verify_data_license,pending,dataset_provenance,2026-09-08,Source group: Women; field_annotations=yes; original_filename=Women PSWOMEN-0034-2017-4612__1.jpg
FIR_ICDAR_0567,FIR,FIR_Dataset_ICDAR2023,https://github.com/LegalDocumentProcessing/FIR_Dataset_ICDAR2023,jpg,,mixed/unknown,1,contains_pii,not_redacted,repository_MIT_verify_data_license,pending,dataset_provenance,2026-09-08,Source group: Women; field_annotations=yes; original_filename=Women PSWOMEN-0035-2017-1610__1.jpg
FIR_ICDAR_0568,FIR,FIR_Dataset_ICDAR2023,https://github.com/LegalDocumentProcessing/FIR_Dataset_ICDAR2023,jpg,,mixed/unknown,1,contains_pii,not_redacted,repository_MIT_verify_data_license,pending,dataset_provenance,2026-09-08,Source group: Women; field_annotations=yes; original_filename=Women PSWOMEN-0036-2017-4052__1.jpg
FIR_ICDAR_0569,FIR,FIR_Dataset_ICDAR2023,https://github.com/LegalDocumentProcessing/FIR_Dataset_ICDAR2023,jpg,,mixed/unknown,1,contains_pii,not_redacted,repository_MIT_verify_data_license,pending,dataset_provenance,2026-09-08,Source group: Women; field_annotations=yes; original_filename=Women PSWOMEN-0037-2017-4234__1.jpg
